file,sha256,size,time_start,time_end,n_days,title,processing_version,erddap_history_last
erdMH1chla1day_229e_1c3c_4ca1_U1790659126263.nc,bd99c13887e121259f5a8eaf272e012d844e4410a7fdbc436ba9307c3978fb92,81445184,2003-01-01,2003-12-31,365,"Chlorophyll-a, Aqua MODIS, NPP, L3SMI, Global, 4km, Science Quality, 2003-2022 (1 Day Composite)",2018.1QLP,2026-09-29T05:18:46Z https://coastwatch.pfeg.noaa.gov/erddap/griddap/erdMH1chla1day.nc?chlorophyll%5B(2003-01-01T00:00:00Z):1:(2003-12-31T00:00:00Z)%5D%5B(22):1:(30)%5D%5B(48):1:(60)%5D
erdMH1chla1day_fdce_660c_5a5b_U1790659181114.nc,1e5340fa82c6cdb995aae898db057a4e07f9c959003b5e06eb4a4f558e210a4d,81668300,2004-01-01,2004-12-31,366,"Chlorophyll-a, Aqua MODIS, NPP, L3SMI, Global, 4km, Science Quality, 2003-2022 (1 Day Composite)",2018.1QLP,2026-09-29T05:19:41Z https://coastwatch.pfeg.noaa.gov/erddap/griddap/erdMH1chla1day.nc?chlorophyll%5B(2004-01-01T00:00:00Z):1:(2004-12-31T00:00:00Z)%5D%5B(22):1:(30)%5D%5B(48):1:(60)%5D
erdMH1chla1day_5e98_f5a6_f7ac_U1790659297190.nc,0c60c359ce65f0382e9afbda012de7772790dcb70cdab112fe061d45d296cf27,81445184,2005-01-01,2005-12-31,365,"Chlorophyll-a, Aqua MODIS, NPP, L3SMI, Global, 4km, Science Quality, 2003-2022 (1 Day Composite)",2018.1QLP,2026-09-29T05:21:37Z https://coastwatch.pfeg.noaa.gov/erddap/griddap/erdMH1chla1day.nc?chlorophyll%5B(2005-01-01T00:00:00Z):1:(2005-12-31T00:00:00Z)%5D%5B(22):1:(30)%5D%5B(48):1:(60)%5D
erdMH1chla1day_8e53_37c8_ecf3_U1790659359085.nc,012f12b899ce04db6b66839b722341c8136e8baae9a1ef04d49f2f05f43c5f92,81445184,2006-01-01,2006-12-31,365,"Chlorophyll-a, Aqua MODIS, NPP, L3SMI, Global, 4km, Science Quality, 2003-2022 (1 Day Composite)",2018.1QLP,2026-09-29T05:22:39Z https://coastwatch.pfeg.noaa.gov/erddap/griddap/erdMH1chla1day.nc?chlorophyll%5B(2006-01-01T00:00:00Z):1:(2006-12-31T00:00:00Z)%5D%5B(22):1:(30)%5D%5B(48):1:(60)%5D
erdMH1chla1day_9239_7d6e_ed8f_U1790659421129.nc,f7d4d9aa7f2cd158669b03f1d12faf0b9e654363d8a173bb41231a4d0493c9a3,81445184,2007-01-01,2007-12-31,365,"Chlorophyll-a, Aqua MODIS, NPP, L3SMI, Global, 4km, Science Quality, 2003-2022 (1 Day Composite)",2018.1QLP,2026-09-29T05:23:41Z https://coastwatch.pfeg.noaa.gov/erddap/griddap/erdMH1chla1day.nc?chlorophyll%5B(2007-01-01T00:00:00Z):1:(2007-12-31T00:00:00Z)%5D%5B(22):1:(30)%5D%5B(48):1:(60)%5D
erdMH1chla1day_4d9e_3f06_6559_U1790659464171.nc,d7b272d2654c4e0faa352bee3ea1384fd82a73a08fd17c0274e5a1518426f481,81668300,2008-01-01,2008-12-31,366,"Chlorophyll-a, Aqua MODIS, NPP, L3SMI, Global, 4km, Science Quality, 2003-2022 (1 Day Composite)",2018.1QLP,2026-09-29T05:24:24Z https://coastwatch.pfeg.noaa.gov/erddap/griddap/erdMH1chla1day.nc?chlorophyll%5B(2008-01-01T00:00:00Z):1:(2008-12-31T00:00:00Z)%5D%5B(22):1:(30)%5D%5B(48):1:(60)%5D
erdMH1chla1day_939e_7963_a3ae_U1790659507332.nc,451912197a66da0c39e54d9a0d63bfd413cd294fc82fdd8f407f337391086d04,81445184,2009-01-01,2009-12-31,365,"Chlorophyll-a, Aqua MODIS, NPP, L3SMI, Global, 4km, Science Quality, 2003-2022 (1 Day Composite)",2018.1QLP,2026-09-29T05:25:07Z https://coastwatch.pfeg.noaa.gov/erddap/griddap/erdMH1chla1day.nc?chlorophyll%5B(2009-01-01T00:00:00Z):1:(2009-12-31T00:00:00Z)%5D%5B(22):1:(30)%5D%5B(48):1:(60)%5D
erdMH1chla1day_3ce0_54a6_e5a6_U1790659554221.nc,b0998ed73113d1714cd8fcc080ca700e8b72e68d632618b45ecef0ea25b22222,81445184,2010-01-01,2010-12-31,365,"Chlorophyll-a, Aqua MODIS, NPP, L3SMI, Global, 4km, Science Quality, 2003-2022 (1 Day Composite)",2018.1QLP,2026-09-29T05:25:54Z https://coastwatch.pfeg.noaa.gov/erddap/griddap/erdMH1chla1day.nc?chlorophyll%5B(2010-01-01T00:00:00Z):1:(2010-12-31T00:00:00Z)%5D%5B(22):1:(30)%5D%5B(48):1:(60)%5D
erdMH1chla1day_0a00_9cae_cc5f_U1790659624409.nc,e59436fbc648c190f3bfe1eaccafc258780c59f2843aa0ad5916113aaf06309c,81445184,2011-01-01,2011-12-31,365,"Chlorophyll-a, Aqua MODIS, NPP, L3SMI, Global, 4km, Science Quality, 2003-2022 (1 Day Composite)",2018.1QLP,2026-09-29T05:27:04Z https://coastwatch.pfeg.noaa.gov/erddap/griddap/erdMH1chla1day.nc?chlorophyll%5B(2011-01-01T00:00:00Z):1:(2011-12-31T00:00:00Z)%5D%5B(22):1:(30)%5D%5B(48):1:(60)%5D
erdMH1chla1day_782b_2218_e9a2_U1790659669809.nc,b51fbaf6c4dfe784ee28ff9ec7fc3512a80023283336885d42ca427e62624dcf,81668300,2012-01-01,2012-12-31,366,"Chlorophyll-a, Aqua MODIS, NPP, L3SMI, Global, 4km, Science Quality, 2003-2022 (1 Day Composite)",2018.1QLP,2026-09-29T05:27:49Z https://coastwatch.pfeg.noaa.gov/erddap/griddap/erdMH1chla1day.nc?chlorophyll%5B(2012-01-01T00:00:00Z):1:(2012-12-31T00:00:00Z)%5D%5B(22):1:(30)%5D%5B(48):1:(60)%5D
erdMH1chla1day_74f2_1e92_50fe_U1790659712336.nc,f930a29b324dd94c4e924daee140f43fae3e563e2f4b4f5ad8e3ef680db73001,81445184,2013-01-01,2013-12-31,365,"Chlorophyll-a, Aqua MODIS, NPP, L3SMI, Global, 4km, Science Quality, 2003-2022 (1 Day Composite)",2018.1QLP,2026-09-29T05:28:32Z https://coastwatch.pfeg.noaa.gov/erddap/griddap/erdMH1chla1day.nc?chlorophyll%5B(2013-01-01T00:00:00Z):1:(2013-12-31T00:00:00Z)%5D%5B(22):1:(30)%5D%5B(48):1:(60)%5D
erdMH1chla1day_26c2_e2e9_6d9c_U1790659760487.nc,8b59a3e6b5ab8a74bc95e271adcd5923074c41a5739021ea36ec5242d07e44f5,81445184,2014-01-01,2014-12-31,365,"Chlorophyll-a, Aqua MODIS, NPP, L3SMI, Global, 4km, Science Quality, 2003-2022 (1 Day Composite)",2018.1QLP,2026-09-29T05:29:20Z https://coastwatch.pfeg.noaa.gov/erddap/griddap/erdMH1chla1day.nc?chlorophyll%5B(2014-01-01T00:00:00Z):1:(2014-12-31T00:00:00Z)%5D%5B(22):1:(30)%5D%5B(48):1:(60)%5D
