granule,date,intake,start_utc,n_water_px,n_valid_px
S3A_OL_2_WFR____20180102T065310_20180102T065610_20180103T122933_0179_026_177_2520_MAR_O_NT_002.SEN3,2018-01-02,alraha,2018-01-02T06:53:10,0,0
S3A_OL_2_WFR____20180103T062659_20180103T062959_20180104T171220_0179_026_191_2520_MAR_O_NT_002.SEN3,2018-01-03,alraha,2018-01-03T06:26:59,130068,114050
S3A_OL_2_WFR____20180104T060048_20180104T060348_20180105T140601_0179_026_205_2520_MAR_O_NT_002.SEN3,2018-01-04,alraha,2018-01-04T06:00:48,3253,292
S3A_OL_2_WFR____20180106T064925_20180106T065225_20180107T131413_0180_026_234_2519_MAR_O_NT_002.SEN3,2018-01-06,alraha,2018-01-06T06:49:25,122690,116050
S3A_OL_2_WFR____20180107T062315_20180107T062615_20180108T135305_0179_026_248_2520_MAR_O_NT_002.SEN3,2018-01-07,alraha,2018-01-07T06:23:15,154686,131932
S3A_OL_2_WFR____20180108T055704_20180108T060004_20180109T195227_0179_026_262_2520_MAR_O_NT_002.SEN3,2018-01-08,alraha,2018-01-08T05:57:04,1144,328
S3A_OL_2_WFR____20180110T064541_20180110T064841_20180111T185118_0179_026_291_2520_MAR_O_NT_002.SEN3,2018-01-10,alraha,2018-01-10T06:45:41,125251,85733
S3A_OL_2_WFR____20180111T061930_20180111T062230_20180112T140349_0179_026_305_2520_MAR_O_NT_002.SEN3,2018-01-11,alraha,2018-01-11T06:19:30,156727,146093
S3A_OL_2_WFR____20180114T064157_20180114T064457_20180115T124507_0179_026_348_2520_MAR_O_NT_002.SEN3,2018-01-14,alraha,2018-01-14T06:41:57,146578,106336
S3A_OL_2_WFR____20180115T061546_20180115T061846_20180116T121443_0179_026_362_2520_MAR_O_NT_002.SEN3,2018-01-15,alraha,2018-01-15T06:15:46,63831,28637
S3A_OL_2_WFR____20180118T063812_20180118T064112_20180119T133539_0179_027_020_2520_MAR_O_NT_002.SEN3,2018-01-18,alraha,2018-01-18T06:38:12,123832,57692
S3A_OL_2_WFR____20180119T061201_20180119T061501_20180120T131612_0179_027_034_2520_MAR_O_NT_002.SEN3,2018-01-19,alraha,2018-01-19T06:12:01,152048,135305
S3A_OL_2_WFR____20180122T063428_20180122T063728_20180123T133543_0179_027_077_2520_MAR_O_NT_002.SEN3,2018-01-22,alraha,2018-01-22T06:34:28,137520,29660
S3A_OL_2_WFR____20180123T060817_20180123T061117_20180124T115806_0179_027_091_2520_MAR_O_NT_002.SEN3,2018-01-23,alraha,2018-01-23T06:08:17,94584,27170
S3A_OL_2_WFR____20180126T063043_20180126T063343_20180207T221205_0180_027_134_2520_MAR_O_NT_002.SEN3,2018-01-26,alraha,2018-01-26T06:30:43,80208,12555
S3A_OL_2_WFR____20180127T060433_20180127T060733_20180128T140526_0179_027_148_2520_MAR_O_NT_002.SEN3,2018-01-27,alraha,2018-01-27T06:04:33,114932,1455
S3A_OL_2_WFR____20180129T065310_20180129T065610_20180130T124535_0179_027_177_2520_MAR_O_NT_002.SEN3,2018-01-29,alraha,2018-01-29T06:53:10,0,0
S3A_OL_2_WFR____20180130T062659_20180130T062959_20180131T121604_0179_027_191_2520_MAR_O_NT_002.SEN3,2018-01-30,alraha,2018-01-30T06:26:59,124420,42828
S3A_OL_2_WFR____20180131T060048_20180131T060348_20180201T171117_0179_027_205_2520_MAR_O_NT_002.SEN3,2018-01-31,alraha,2018-01-31T06:00:48,44740,19249
S3A_OL_2_WFR____20180131T060048_20180131T060348_20180201T174224_0179_027_205_2520_MAR_O_NT_002.SEN3,2018-01-31,alraha,2018-01-31T06:00:48,44740,19249
S3A_OL_2_WFR____20180202T064926_20180202T065226_20180203T132641_0179_027_234_2520_MAR_O_NT_002.SEN3,2018-02-02,alraha,2018-02-02T06:49:26,111239,81439
S3A_OL_2_WFR____20180203T062315_20180203T062615_20180204T125545_0179_027_248_2520_MAR_O_NT_002.SEN3,2018-02-03,alraha,2018-02-03T06:23:15,146166,111147
S3A_OL_2_WFR____20180204T055704_20180204T060004_20180205T132228_0179_027_262_2520_MAR_O_NT_002.SEN3,2018-02-04,alraha,2018-02-04T05:57:04,3815,402
S3A_OL_2_WFR____20180206T064541_20180206T064841_20180207T125508_0179_027_291_2520_MAR_O_NT_002.SEN3,2018-02-06,alraha,2018-02-06T06:45:41,144494,123311
S3A_OL_2_WFR____20180207T061930_20180207T062230_20180208T134846_0179_027_305_2520_MAR_O_NT_002.SEN3,2018-02-07,alraha,2018-02-07T06:19:30,27843,8325
S3A_OL_2_WFR____20180210T064157_20180210T064457_20180211T130800_0180_027_348_2520_MAR_O_NT_002.SEN3,2018-02-10,alraha,2018-02-10T06:41:57,152110,124266
S3A_OL_2_WFR____20180211T061546_20180211T061846_20180212T150220_0179_027_362_2520_MAR_O_NT_002.SEN3,2018-02-11,alraha,2018-02-11T06:15:46,142991,56105
S3A_OL_2_WFR____20180214T063812_20180214T064112_20180215T130616_0179_028_020_2520_MAR_O_NT_002.SEN3,2018-02-14,alraha,2018-02-14T06:38:12,101337,40107
S3A_OL_2_WFR____20180215T061201_20180215T061501_20180216T131917_0179_028_034_2520_MAR_O_NT_002.SEN3,2018-02-15,alraha,2018-02-15T06:12:01,148400,26431
S3A_OL_2_WFR____20180218T063428_20180218T063728_20180219T134624_0179_028_077_2520_MAR_O_NT_002.SEN3,2018-02-18,alraha,2018-02-18T06:34:28,150789,132280
S3A_OL_2_WFR____20180219T060817_20180219T061117_20180220T130544_0179_028_091_2520_MAR_O_NT_002.SEN3,2018-02-19,alraha,2018-02-19T06:08:17,117605,18750
S3A_OL_2_WFR____20180222T063043_20180222T063343_20180223T134738_0179_028_134_2520_MAR_O_NT_002.SEN3,2018-02-22,alraha,2018-02-22T06:30:43,107299,31134
S3A_OL_2_WFR____20180223T060433_20180223T060733_20180224T125933_0179_028_148_2520_MAR_O_NT_002.SEN3,2018-02-23,alraha,2018-02-23T06:04:33,104436,2285
S3A_OL_2_WFR____20180225T065310_20180225T065610_20180226T130420_0179_028_177_2520_MAR_O_NT_002.SEN3,2018-02-25,alraha,2018-02-25T06:53:10,0,0
S3A_OL_2_WFR____20180226T062659_20180226T062959_20180227T135615_0179_028_191_2520_MAR_O_NT_002.SEN3,2018-02-26,alraha,2018-02-26T06:26:59,146223,83377
S3A_OL_2_WFR____20180227T060048_20180227T060348_20180228T120241_0179_028_205_2520_MAR_O_NT_002.SEN3,2018-02-27,alraha,2018-02-27T06:00:48,311,0
S3A_OL_2_WFR____20180301T064926_20180301T065226_20180302T145021_0179_028_234_2520_MAR_O_NT_002.SEN3,2018-03-01,alraha,2018-03-01T06:49:26,2,0
S3A_OL_2_WFR____20180302T062315_20180302T062615_20180303T131627_0179_028_248_2520_MAR_O_NT_002.SEN3,2018-03-02,alraha,2018-03-02T06:23:15,0,0
S3A_OL_2_WFR____20180303T055704_20180303T060004_20180304T131123_0179_028_262_2520_MAR_O_NT_002.SEN3,2018-03-03,alraha,2018-03-03T05:57:04,3932,1052
S3A_OL_2_WFR____20180305T064541_20180305T064841_20180306T131613_0179_028_291_2520_MAR_O_NT_002.SEN3,2018-03-05,alraha,2018-03-05T06:45:41,151384,435
S3A_OL_2_WFR____20180306T061930_20180306T062230_20180307T171825_0179_028_305_2520_MAR_O_NT_002.SEN3,2018-03-06,alraha,2018-03-06T06:19:30,153869,137183
S3A_OL_2_WFR____20180309T064157_20180309T064457_20180310T142117_0179_028_348_2520_MAR_O_NT_002.SEN3,2018-03-09,alraha,2018-03-09T06:41:57,152191,42105
S3A_OL_2_WFR____20180310T061546_20180310T061846_20180311T132150_0179_028_362_2520_MAR_O_NT_002.SEN3,2018-03-10,alraha,2018-03-10T06:15:46,155396,86452
S3A_OL_2_WFR____20180313T063812_20180313T064112_20180314T124504_0180_029_020_2520_MAR_O_NT_002.SEN3,2018-03-13,alraha,2018-03-13T06:38:12,153786,129142
S3A_OL_2_WFR____20180314T061201_20180314T061501_20180315T170957_0179_029_034_2520_MAR_O_NT_002.SEN3,2018-03-14,alraha,2018-03-14T06:12:01,155575,140894
S3A_OL_2_WFR____20180317T063428_20180317T063728_20180318T142613_0179_029_077_2520_MAR_O_NT_002.SEN3,2018-03-17,alraha,2018-03-17T06:34:28,42787,5422
S3A_OL_2_WFR____20180318T060817_20180318T061117_20180319T135212_0179_029_091_2520_MAR_O_NT_002.SEN3,2018-03-18,alraha,2018-03-18T06:08:17,153567,49811
S3A_OL_2_WFR____20180321T063043_20180321T063343_20180322T153218_0180_029_134_2520_MAR_O_NT_002.SEN3,2018-03-21,alraha,2018-03-21T06:30:43,135926,113432
S3A_OL_2_WFR____20180322T060433_20180322T060733_20180323T115448_0179_029_148_2520_MAR_O_NT_002.SEN3,2018-03-22,alraha,2018-03-22T06:04:33,142070,121651
S3A_OL_2_WFR____20180324T065310_20180324T065610_20180325T143505_0179_029_177_2520_MAR_O_NT_002.SEN3,2018-03-24,alraha,2018-03-24T06:53:10,0,0
S3A_OL_2_WFR____20180325T062659_20180325T062959_20180326T201954_0179_029_191_2520_MAR_O_NT_002.SEN3,2018-03-25,alraha,2018-03-25T06:26:59,154070,139775
S3A_OL_2_WFR____20180326T060048_20180326T060348_20180327T140322_0179_029_205_2520_MAR_O_NT_002.SEN3,2018-03-26,alraha,2018-03-26T06:00:48,112657,78257
S3A_OL_2_WFR____20180328T064926_20180328T065226_20180329T143405_0180_029_234_2520_MAR_O_NT_002.SEN3,2018-03-28,alraha,2018-03-28T06:49:26,92346,0
S3A_OL_2_WFR____20180329T062315_20180329T062615_20180330T125211_0179_029_248_2520_MAR_O_NT_002.SEN3,2018-03-29,alraha,2018-03-29T06:23:15,123076,84657
S3A_OL_2_WFR____20180330T055704_20180330T060004_20180331T140725_0179_029_262_2520_MAR_O_NT_002.SEN3,2018-03-30,alraha,2018-03-30T05:57:04,3832,434
S3A_OL_2_WFR____20180401T064541_20180401T064841_20180402T131641_0180_029_291_2520_MAR_O_NT_002.SEN3,2018-04-01,alraha,2018-04-01T06:45:41,138739,0
S3A_OL_2_WFR____20180402T061930_20180402T062230_20180403T173119_0179_029_305_2520_MAR_O_NT_002.SEN3,2018-04-02,alraha,2018-04-02T06:19:30,34941,1710
S3A_OL_2_WFR____20180405T064157_20180405T064457_20180409T183207_0179_029_348_2520_MAR_O_NT_002.SEN3,2018-04-05,alraha,2018-04-05T06:41:57,147970,1862
S3A_OL_2_WFR____20180406T061546_20180406T061846_20180407T143720_0180_029_362_2520_MAR_O_NT_002.SEN3,2018-04-06,alraha,2018-04-06T06:15:46,154546,63873
S3A_OL_2_WFR____20180409T063812_20180409T064112_20180410T125737_0179_030_020_2520_MAR_O_NT_002.SEN3,2018-04-09,alraha,2018-04-09T06:38:12,11901,1933
S3A_OL_2_WFR____20180410T061201_20180410T061501_20180411T111915_0179_030_034_2520_MAR_O_NT_002.SEN3,2018-04-10,alraha,2018-04-10T06:12:01,155672,141585
S3A_OL_2_WFR____20180413T063428_20180413T063728_20180414T122745_0179_030_077_2520_MAR_O_NT_002.SEN3,2018-04-13,alraha,2018-04-13T06:34:28,104373,10028
S3A_OL_2_WFR____20180414T060817_20180414T061117_20180415T141044_0180_030_091_2520_MAR_O_NT_002.SEN3,2018-04-14,alraha,2018-04-14T06:08:17,18859,358
S3A_OL_2_WFR____20180417T063044_20180417T063344_20180418T135432_0179_030_134_2520_MAR_O_NT_002.SEN3,2018-04-17,alraha,2018-04-17T06:30:44,41454,7715
S3A_OL_2_WFR____20180418T060433_20180418T060733_20180419T135212_0179_030_148_2520_MAR_O_NT_002.SEN3,2018-04-18,alraha,2018-04-18T06:04:33,154604,13492
S3A_OL_2_WFR____20180420T065310_20180420T065610_20180421T135538_0179_030_177_2520_MAR_O_NT_002.SEN3,2018-04-20,alraha,2018-04-20T06:53:10,0,0
S3A_OL_2_WFR____20180421T062659_20180421T062959_20180422T132115_0179_030_191_2520_MAR_O_NT_002.SEN3,2018-04-21,alraha,2018-04-21T06:26:59,151977,57781
S3A_OL_2_WFR____20180422T060048_20180422T060348_20180423T133928_0179_030_205_2520_MAR_O_NT_002.SEN3,2018-04-22,alraha,2018-04-22T06:00:48,8454,2
S3A_OL_2_WFR____20180424T064926_20180424T065226_20180425T140920_0180_030_234_2520_MAR_O_NT_002.SEN3,2018-04-24,alraha,2018-04-24T06:49:26,82102,0
S3A_OL_2_WFR____20180425T062315_20180425T062615_20180426T143911_0180_030_248_2520_MAR_O_NT_002.SEN3,2018-04-25,alraha,2018-04-25T06:23:15,136332,25512
S3A_OL_2_WFR____20180426T055704_20180426T060004_20180427T133615_0180_030_262_2520_MAR_O_NT_002.SEN3,2018-04-26,alraha,2018-04-26T05:57:04,4389,11
S3A_OL_2_WFR____20180428T064541_20180428T064841_20180429T135024_0179_030_291_2520_MAR_O_NT_002.SEN3,2018-04-28,alraha,2018-04-28T06:45:41,54922,0
S3A_OL_2_WFR____20180429T061930_20180429T062230_20180430T140814_0179_030_305_2520_MAR_O_NT_002.SEN3,2018-04-29,alraha,2018-04-29T06:19:30,152965,129744
S3A_OL_2_WFR____20180502T064157_20180502T064457_20180503T124051_0179_030_348_2520_MAR_O_NT_002.SEN3,2018-05-02,alraha,2018-05-02T06:41:57,140275,0
S3A_OL_2_WFR____20180503T061546_20180503T061846_20180504T121227_0179_030_362_2520_MAR_O_NT_002.SEN3,2018-05-03,alraha,2018-05-03T06:15:46,33266,8399
S3A_OL_2_WFR____20180506T063812_20180506T064112_20180507T134759_0179_031_020_2520_MAR_O_NT_002.SEN3,2018-05-06,alraha,2018-05-06T06:38:12,144465,171
S3A_OL_2_WFR____20180507T061201_20180507T061501_20180508T135458_0179_031_034_2520_MAR_O_NT_002.SEN3,2018-05-07,alraha,2018-05-07T06:12:01,155404,131655
S3A_OL_2_WFR____20180510T063428_20180510T063728_20180511T123053_0179_031_077_2520_MAR_O_NT_002.SEN3,2018-05-10,alraha,2018-05-10T06:34:28,41858,5590
S3A_OL_2_WFR____20180511T060817_20180511T061117_20180512T130907_0179_031_091_2520_MAR_O_NT_002.SEN3,2018-05-11,alraha,2018-05-11T06:08:17,28922,5874
S3A_OL_2_WFR____20180514T063044_20180514T063344_20180515T130851_0179_031_134_2520_MAR_O_NT_002.SEN3,2018-05-14,alraha,2018-05-14T06:30:44,25518,4837
S3A_OL_2_WFR____20180515T060433_20180515T060733_20180516T124100_0179_031_148_2520_MAR_O_NT_002.SEN3,2018-05-15,alraha,2018-05-15T06:04:33,22190,1246
S3A_OL_2_WFR____20180517T065310_20180517T065610_20180518T130900_0179_031_177_2520_MAR_O_NT_002.SEN3,2018-05-17,alraha,2018-05-17T06:53:10,0,0
S3A_OL_2_WFR____20180518T062659_20180518T062959_20180519T121456_0179_031_191_2520_MAR_O_NT_002.SEN3,2018-05-18,alraha,2018-05-18T06:26:59,127181,66680
S3A_OL_2_WFR____20180519T060048_20180519T060348_20180520T130935_0179_031_205_2520_MAR_O_NT_002.SEN3,2018-05-19,alraha,2018-05-19T06:00:48,112636,87553
S3A_OL_2_WFR____20180521T064926_20180521T065226_20180522T131713_0180_031_234_2520_MAR_O_NT_002.SEN3,2018-05-21,alraha,2018-05-21T06:49:26,150,0
S3A_OL_2_WFR____20180522T062315_20180522T062615_20180523T124602_0179_031_248_2520_MAR_O_NT_002.SEN3,2018-05-22,alraha,2018-05-22T06:23:15,153086,45658
S3A_OL_2_WFR____20180523T055704_20180523T060004_20180524T153046_0179_031_262_2520_MAR_O_NT_002.SEN3,2018-05-23,alraha,2018-05-23T05:57:04,3542,38
S3A_OL_2_WFR____20180525T064541_20180525T064841_20180526T142407_0179_031_291_2520_MAR_O_NT_002.SEN3,2018-05-25,alraha,2018-05-25T06:45:41,39759,0
S3A_OL_2_WFR____20180526T061930_20180526T062230_20180527T141550_0179_031_305_2520_MAR_O_NT_002.SEN3,2018-05-26,alraha,2018-05-26T06:19:30,14074,4248
S3A_OL_2_WFR____20180529T064157_20180529T064457_20180530T145429_0179_031_348_2520_MAR_O_NT_002.SEN3,2018-05-29,alraha,2018-05-29T06:41:57,139047,0
S3A_OL_2_WFR____20180530T061546_20180530T061846_20180531T123137_0179_031_362_2520_MAR_O_NT_002.SEN3,2018-05-30,alraha,2018-05-30T06:15:46,153145,132295
S3A_OL_2_WFR____20180602T063812_20180602T064112_20180603T121722_0180_032_020_2520_MAR_O_NT_002.SEN3,2018-06-02,alraha,2018-06-02T06:38:12,147336,37
S3A_OL_2_WFR____20180603T061201_20180603T061501_20180604T144120_0179_032_034_2520_MAR_O_NT_002.SEN3,2018-06-03,alraha,2018-06-03T06:12:01,154296,129047
S3A_OL_2_WFR____20180606T063428_20180606T063728_20180607T163845_0179_032_077_2520_MAR_O_NT_002.SEN3,2018-06-06,alraha,2018-06-06T06:34:28,115675,10191
S3A_OL_2_WFR____20180607T060817_20180607T061117_20180608T132212_0179_032_091_2520_MAR_O_NT_002.SEN3,2018-06-07,alraha,2018-06-07T06:08:17,132798,20563
S3A_OL_2_WFR____20180610T063044_20180610T063344_20180611T145152_0179_032_134_2520_MAR_O_NT_002.SEN3,2018-06-10,alraha,2018-06-10T06:30:44,152626,131375
S3A_OL_2_WFR____20180611T060433_20180611T060733_20180612T125643_0179_032_148_2520_MAR_O_NT_002.SEN3,2018-06-11,alraha,2018-06-11T06:04:33,156354,121954
S3A_OL_2_WFR____20180613T065310_20180613T065610_20180614T150040_0179_032_177_2520_MAR_O_NT_002.SEN3,2018-06-13,alraha,2018-06-13T06:53:10,0,0
S3A_OL_2_WFR____20180614T062659_20180614T062959_20180615T142148_0179_032_191_2520_MAR_O_NT_002.SEN3,2018-06-14,alraha,2018-06-14T06:26:59,149334,92852
S3A_OL_2_WFR____20180615T060048_20180615T060348_20180616T114907_0180_032_205_2520_MAR_O_NT_002.SEN3,2018-06-15,alraha,2018-06-15T06:00:48,113308,7690
S3A_OL_2_WFR____20180617T064926_20180617T065226_20180618T133109_0179_032_234_2520_MAR_O_NT_002.SEN3,2018-06-17,alraha,2018-06-17T06:49:26,104366,0
S3A_OL_2_WFR____20180618T062315_20180618T062615_20180619T143119_0179_032_248_2520_MAR_O_NT_002.SEN3,2018-06-18,alraha,2018-06-18T06:23:15,152564,137880
S3A_OL_2_WFR____20180619T055704_20180619T060004_20180620T125250_0179_032_262_2520_MAR_O_NT_002.SEN3,2018-06-19,alraha,2018-06-19T05:57:04,3553,2
S3A_OL_2_WFR____20180621T064541_20180621T064841_20180622T143526_0179_032_291_2520_MAR_O_NT_002.SEN3,2018-06-21,alraha,2018-06-21T06:45:41,128417,0
S3A_OL_2_WFR____20180625T064157_20180625T064457_20180626T152439_0179_032_348_2520_MAR_O_NT_002.SEN3,2018-06-25,alraha,2018-06-25T06:41:57,144550,0
S3A_OL_2_WFR____20180626T061546_20180626T061846_20180627T140514_0180_032_362_2520_MAR_O_NT_002.SEN3,2018-06-26,alraha,2018-06-26T06:15:46,153302,135404
S3A_OL_2_WFR____20180629T063812_20180629T064112_20180630T144144_0179_033_020_2520_MAR_O_NT_002.SEN3,2018-06-29,alraha,2018-06-29T06:38:12,146175,24915
S3A_OL_2_WFR____20180630T061201_20180630T061501_20180701T115442_0179_033_034_2520_MAR_O_NT_002.SEN3,2018-06-30,alraha,2018-06-30T06:12:01,21484,405
S3A_OL_2_WFR____20180703T063428_20180703T063728_20180704T144519_0179_033_077_2520_MAR_O_NT_002.SEN3,2018-07-03,alraha,2018-07-03T06:34:28,148996,129007
S3A_OL_2_WFR____20180704T060817_20180704T061117_20180705T131241_0179_033_091_2520_MAR_O_NT_002.SEN3,2018-07-04,alraha,2018-07-04T06:08:17,155615,58956
S3A_OL_2_WFR____20180707T063044_20180707T063344_20180708T121304_0179_033_134_2520_MAR_O_NT_002.SEN3,2018-07-07,alraha,2018-07-07T06:30:44,54356,6383
S3A_OL_2_WFR____20180708T060433_20180708T060733_20180709T130344_0180_033_148_2520_MAR_O_NT_002.SEN3,2018-07-08,alraha,2018-07-08T06:04:33,18291,833
S3A_OL_2_WFR____20180710T065310_20180710T065610_20180711T131806_0179_033_177_2520_MAR_O_NT_002.SEN3,2018-07-10,alraha,2018-07-10T06:53:10,0,0
S3A_OL_2_WFR____20180711T062659_20180711T062959_20180712T132406_0179_033_191_2520_MAR_O_NT_002.SEN3,2018-07-11,alraha,2018-07-11T06:26:59,135116,78020
S3A_OL_2_WFR____20180712T060048_20180712T060348_20180713T122038_0179_033_205_2520_MAR_O_NT_002.SEN3,2018-07-12,alraha,2018-07-12T06:00:48,69520,173
S3A_OL_2_WFR____20180715T062315_20180715T062615_20180716T154151_0179_033_248_2520_MAR_O_NT_002.SEN3,2018-07-15,alraha,2018-07-15T06:23:15,147108,115091
S3A_OL_2_WFR____20180716T055704_20180716T060004_20180717T135222_0179_033_262_2520_MAR_O_NT_002.SEN3,2018-07-16,alraha,2018-07-16T05:57:04,3888,121
S3A_OL_2_WFR____20180718T064541_20180718T064841_20180719T133800_0179_033_291_2520_MAR_O_NT_002.SEN3,2018-07-18,alraha,2018-07-18T06:45:41,94236,0
S3A_OL_2_WFR____20180719T061930_20180719T062230_20180720T124018_0179_033_305_2520_MAR_O_NT_002.SEN3,2018-07-19,alraha,2018-07-19T06:19:30,12224,298
S3A_OL_2_WFR____20180722T064157_20180722T064457_20180723T145512_0180_033_348_2520_MAR_O_NT_002.SEN3,2018-07-22,alraha,2018-07-22T06:41:57,147601,0
S3A_OL_2_WFR____20180723T061546_20180723T061846_20180724T131643_0179_033_362_2520_MAR_O_NT_002.SEN3,2018-07-23,alraha,2018-07-23T06:15:46,63844,14109
S3A_OL_2_WFR____20180726T063812_20180726T064112_20180727T130347_0179_034_020_2520_MAR_O_NT_002.SEN3,2018-07-26,alraha,2018-07-26T06:38:12,148223,109
S3A_OL_2_WFR____20180727T061201_20180727T061501_20180728T135220_0179_034_034_2520_MAR_O_NT_002.SEN3,2018-07-27,alraha,2018-07-27T06:12:01,27384,1023
S3A_OL_2_WFR____20180730T063428_20180730T063728_20180731T132714_0179_034_077_2520_MAR_O_NT_002.SEN3,2018-07-30,alraha,2018-07-30T06:34:28,114,0
S3A_OL_2_WFR____20180731T060817_20180731T061117_20180801T135537_0179_034_091_2520_MAR_O_NT_002.SEN3,2018-07-31,alraha,2018-07-31T06:08:17,106804,67709
S3A_OL_2_WFR____20180803T063044_20180803T063344_20180804T133025_0179_034_134_2520_MAR_O_NT_002.SEN3,2018-08-03,alraha,2018-08-03T06:30:44,152436,138019
S3A_OL_2_WFR____20180804T060433_20180804T060733_20180805T141121_0179_034_148_2520_MAR_O_NT_002.SEN3,2018-08-04,alraha,2018-08-04T06:04:33,155313,105287
S3A_OL_2_WFR____20180806T065310_20180806T065610_20180807T165717_0179_034_177_2520_MAR_O_NT_002.SEN3,2018-08-06,alraha,2018-08-06T06:53:10,0,0
S3A_OL_2_WFR____20180807T062659_20180807T062959_20180808T131832_0179_034_191_2520_MAR_O_NT_002.SEN3,2018-08-07,alraha,2018-08-07T06:26:59,131836,99572
S3A_OL_2_WFR____20180808T060048_20180808T060348_20180809T144400_0179_034_205_2520_MAR_O_NT_002.SEN3,2018-08-08,alraha,2018-08-08T06:00:48,852,0
S3A_OL_2_WFR____20180810T064926_20180810T065226_20180811T133454_0179_034_234_2520_MAR_O_NT_002.SEN3,2018-08-10,alraha,2018-08-10T06:49:26,85949,0
S3A_OL_2_WFR____20180811T062315_20180811T062615_20180812T142742_0179_034_248_2520_MAR_O_NT_002.SEN3,2018-08-11,alraha,2018-08-11T06:23:15,37006,2039
S3A_OL_2_WFR____20180812T055704_20180812T060004_20180813T140512_0179_034_262_2520_MAR_O_NT_002.SEN3,2018-08-12,alraha,2018-08-12T05:57:04,364,0
S3A_OL_2_WFR____20180814T064541_20180814T064841_20180815T144403_0179_034_291_2520_MAR_O_NT_002.SEN3,2018-08-14,alraha,2018-08-14T06:45:41,106575,0
S3A_OL_2_WFR____20180815T061930_20180815T062230_20180816T134615_0179_034_305_2520_MAR_O_NT_002.SEN3,2018-08-15,alraha,2018-08-15T06:19:30,105272,9730
S3A_OL_2_WFR____20180818T064157_20180818T064457_20180819T123611_0179_034_348_2520_MAR_O_NT_002.SEN3,2018-08-18,alraha,2018-08-18T06:41:57,148901,0
S3A_OL_2_WFR____20180819T061546_20180819T061846_20180820T133804_0179_034_362_2520_MAR_O_NT_002.SEN3,2018-08-19,alraha,2018-08-19T06:15:46,123505,53592
S3A_OL_2_WFR____20180822T063812_20180822T064112_20180823T141901_0179_035_020_2520_MAR_O_NT_002.SEN3,2018-08-22,alraha,2018-08-22T06:38:12,150193,55003
S3A_OL_2_WFR____20180823T061201_20180823T061501_20180824T124901_0179_035_034_2520_MAR_O_NT_002.SEN3,2018-08-23,alraha,2018-08-23T06:12:01,35214,1710
S3A_OL_2_WFR____20180826T063428_20180826T063728_20180827T132944_0179_035_077_2520_MAR_O_NT_002.SEN3,2018-08-26,alraha,2018-08-26T06:34:28,143223,111532
S3A_OL_2_WFR____20180827T060817_20180827T061117_20180828T134912_0179_035_091_2520_MAR_O_NT_002.SEN3,2018-08-27,alraha,2018-08-27T06:08:17,11914,2254
S3A_OL_2_WFR____20180830T063046_20180830T063346_20180831T121755_0179_035_134_2520_MAR_O_NT_002.SEN3,2018-08-30,alraha,2018-08-30T06:30:46,81628,39099
S3A_OL_2_WFR____20180831T060435_20180831T060735_20180901T111808_0179_035_148_2520_MAR_O_NT_002.SEN3,2018-08-31,alraha,2018-08-31T06:04:35,126240,65518
S3A_OL_2_WFR____20180902T065313_20180902T065613_20180903T132423_0179_035_177_2520_MAR_O_NT_002.SEN3,2018-09-02,alraha,2018-09-02T06:53:13,0,0
S3A_OL_2_WFR____20180903T062702_20180903T063002_20180904T124812_0179_035_191_2520_MAR_O_NT_002.SEN3,2018-09-03,alraha,2018-09-03T06:27:02,152432,136144
S3A_OL_2_WFR____20180904T060052_20180904T060352_20180905T114600_0179_035_205_2520_MAR_O_NT_002.SEN3,2018-09-04,alraha,2018-09-04T06:00:52,60326,21014
S3A_OL_2_WFR____20180906T064929_20180906T065229_20180907T122736_0179_035_234_2520_MAR_O_NT_002.SEN3,2018-09-06,alraha,2018-09-06T06:49:29,113765,0
S3A_OL_2_WFR____20180907T062319_20180907T062619_20180908T121255_0180_035_248_2520_MAR_O_NT_002.SEN3,2018-09-07,alraha,2018-09-07T06:23:19,152935,137949
S3A_OL_2_WFR____20180908T055708_20180908T060008_20180909T111852_0179_035_262_2520_MAR_O_NT_002.SEN3,2018-09-08,alraha,2018-09-08T05:57:08,2599,766
S3A_OL_2_WFR____20180910T064546_20180910T064846_20180911T124407_0179_035_291_2520_MAR_O_NT_002.SEN3,2018-09-10,alraha,2018-09-10T06:45:46,144644,0
S3A_OL_2_WFR____20180911T061935_20180911T062235_20180912T122911_0179_035_305_2520_MAR_O_NT_002.SEN3,2018-09-11,alraha,2018-09-11T06:19:35,152547,138090
S3A_OL_2_WFR____20180914T064202_20180914T064502_20180915T123645_0179_035_348_2520_MAR_O_NT_002.SEN3,2018-09-14,alraha,2018-09-14T06:42:02,150165,104
S3A_OL_2_WFR____20180915T061551_20180915T061851_20180916T110902_0179_035_362_2520_MAR_O_NT_002.SEN3,2018-09-15,alraha,2018-09-15T06:15:51,153567,92342
S3A_OL_2_WFR____20180918T063818_20180918T064118_20180919T123827_0179_036_020_2520_MAR_O_NT_002.SEN3,2018-09-18,alraha,2018-09-18T06:38:18,150413,88825
S3A_OL_2_WFR____20180919T061208_20180919T061508_20180921T155617_0179_036_034_2520_MAR_O_NT_002.SEN3,2018-09-19,alraha,2018-09-19T06:12:08,154802,124447
S3A_OL_2_WFR____20180922T063435_20180922T063735_20180923T153548_0179_036_077_2520_MAR_O_NT_002.SEN3,2018-09-22,alraha,2018-09-22T06:34:35,150533,63404
S3A_OL_2_WFR____20180923T060824_20180923T061124_20180924T140718_0179_036_091_2520_MAR_O_NT_002.SEN3,2018-09-23,alraha,2018-09-23T06:08:24,134116,1514
S3A_OL_2_WFR____20180926T063051_20180926T063351_20180927T150915_0179_036_134_2520_MAR_O_NT_002.SEN3,2018-09-26,alraha,2018-09-26T06:30:51,151808,137688
S3A_OL_2_WFR____20180927T060440_20180927T060740_20180928T151715_0179_036_148_2520_MAR_O_NT_002.SEN3,2018-09-27,alraha,2018-09-27T06:04:40,153975,132917
S3A_OL_2_WFR____20180929T065318_20180929T065618_20180930T133659_0179_036_177_2520_MAR_O_NT_002.SEN3,2018-09-29,alraha,2018-09-29T06:53:18,0,0
S3A_OL_2_WFR____20180930T062707_20180930T063007_20181001T151149_0179_036_191_2520_MAR_O_NT_002.SEN3,2018-09-30,alraha,2018-09-30T06:27:07,152140,131303
S3A_OL_2_WFR____20181001T060056_20181001T060356_20181002T160439_0179_036_205_2520_MAR_O_NT_002.SEN3,2018-10-01,alraha,2018-10-01T06:00:56,55164,26066
S3A_OL_2_WFR____20181003T064934_20181003T065234_20181004T150355_0179_036_234_2520_MAR_O_NT_002.SEN3,2018-10-03,alraha,2018-10-03T06:49:34,121106,86
S3A_OL_2_WFR____20181004T062323_20181004T062623_20181005T153853_0179_036_248_2520_MAR_O_NT_002.SEN3,2018-10-04,alraha,2018-10-04T06:23:23,147022,81626
S3A_OL_2_WFR____20181005T055712_20181005T060012_20181006T145335_0179_036_262_2520_MAR_O_NT_002.SEN3,2018-10-05,alraha,2018-10-05T05:57:12,4145,1917
S3A_OL_2_WFR____20181007T064550_20181007T064850_20181008T150401_0179_036_291_2520_MAR_O_NT_002.SEN3,2018-10-07,alraha,2018-10-07T06:45:50,151474,169
S3A_OL_2_WFR____20181008T061939_20181008T062239_20181009T163213_0179_036_305_2520_MAR_O_NT_002.SEN3,2018-10-08,alraha,2018-10-08T06:19:39,138607,116455
S3A_OL_2_WFR____20181011T064206_20181011T064506_20181012T151917_0179_036_348_2520_MAR_O_NT_002.SEN3,2018-10-11,alraha,2018-10-11T06:42:06,150590,123394
S3A_OL_2_WFR____20181012T061555_20181012T061855_20181013T145127_0179_036_362_2520_MAR_O_NT_002.SEN3,2018-10-12,alraha,2018-10-12T06:15:55,154070,134610
S3A_OL_2_WFR____20181015T063821_20181015T064121_20181018T140952_0179_037_020_2520_MAR_O_NT_002.SEN3,2018-10-15,alraha,2018-10-15T06:38:21,134610,52836
S3A_OL_2_WFR____20181016T061211_20181016T061511_20181017T140553_0179_037_034_2520_MAR_O_NT_002.SEN3,2018-10-16,alraha,2018-10-16T06:12:11,146143,104503
S3A_OL_2_WFR____20181019T063437_20181019T063737_20181020T152831_0179_037_077_2520_MAR_O_NT_002.SEN3,2018-10-19,alraha,2018-10-19T06:34:37,13205,3393
S3A_OL_2_WFR____20181020T060826_20181020T061126_20181021T150437_0179_037_091_2520_MAR_O_NT_002.SEN3,2018-10-20,alraha,2018-10-20T06:08:26,137305,108248
S3A_OL_2_WFR____20181023T063053_20181023T063353_20181024T143231_0179_037_134_2520_MAR_O_NT_002.SEN3,2018-10-23,alraha,2018-10-23T06:30:53,152801,140117
S3A_OL_2_WFR____20181024T060442_20181024T060742_20181025T150907_0179_037_148_2520_MAR_O_NT_002.SEN3,2018-10-24,alraha,2018-10-24T06:04:42,153810,133897
S3A_OL_2_WFR____20181026T065319_20181026T065619_20181027T153848_0179_037_177_2520_MAR_O_NT_002.SEN3,2018-10-26,alraha,2018-10-26T06:53:19,0,0
S3A_OL_2_WFR____20181027T062708_20181027T063008_20181028T152338_0179_037_191_2520_MAR_O_NT_002.SEN3,2018-10-27,alraha,2018-10-27T06:27:08,152160,122498
S3A_OL_2_WFR____20181028T060057_20181028T060357_20181029T142005_0179_037_205_2520_MAR_O_NT_002.SEN3,2018-10-28,alraha,2018-10-28T06:00:57,105579,84946
S3A_OL_2_WFR____20181030T064935_20181030T065235_20181031T144950_0179_037_234_2520_MAR_O_NT_002.SEN3,2018-10-30,alraha,2018-10-30T06:49:35,72758,22928
S3A_OL_2_WFR____20181031T062324_20181031T062624_20181101T153334_0180_037_248_2520_MAR_O_NT_002.SEN3,2018-10-31,alraha,2018-10-31T06:23:24,128294,69949
S3A_OL_2_WFR____20181101T055713_20181101T060013_20181102T153912_0179_037_262_2520_MAR_O_NT_002.SEN3,2018-11-01,alraha,2018-11-01T05:57:13,4314,2690
S3A_OL_2_WFR____20181103T064550_20181103T064850_20181104T152128_0179_037_291_2520_MAR_O_NT_002.SEN3,2018-11-03,alraha,2018-11-03T06:45:50,144512,79591
S3A_OL_2_WFR____20181104T061939_20181104T062239_20181112T134823_0179_037_305_2520_MAR_O_NT_002.SEN3,2018-11-04,alraha,2018-11-04T06:19:39,154819,141733
S3A_OL_2_WFR____20181107T064206_20181107T064506_20181108T142941_0179_037_348_2520_MAR_O_NT_002.SEN3,2018-11-07,alraha,2018-11-07T06:42:06,147378,73059
S3A_OL_2_WFR____20181108T061555_20181108T061855_20181109T154958_0179_037_362_2520_MAR_O_NT_002.SEN3,2018-11-08,alraha,2018-11-08T06:15:55,154943,24956
S3A_OL_2_WFR____20181111T063821_20181111T064121_20181112T133902_0179_038_020_2520_MAR_O_NT_002.SEN3,2018-11-11,alraha,2018-11-11T06:38:21,146949,126306
S3A_OL_2_WFR____20181112T061210_20181112T061510_20181113T162355_0179_038_034_2520_MAR_O_NT_002.SEN3,2018-11-12,alraha,2018-11-12T06:12:10,124328,89043
S3A_OL_2_WFR____20181115T063436_20181115T063736_20181116T152852_0179_038_077_2520_MAR_O_NT_002.SEN3,2018-11-15,alraha,2018-11-15T06:34:36,151739,140063
S3A_OL_2_WFR____20181116T060825_20181116T061125_20181117T141410_0179_038_091_2520_MAR_O_NT_002.SEN3,2018-11-16,alraha,2018-11-16T06:08:25,69648,30382
S3A_OL_2_WFR____20181119T063051_20181119T063351_20181120T152601_0179_038_134_2520_MAR_O_NT_002.SEN3,2018-11-19,alraha,2018-11-19T06:30:51,134927,85909
S3A_OL_2_WFR____20181120T060440_20181120T060740_20181121T160951_0179_038_148_2520_MAR_O_NT_002.SEN3,2018-11-20,alraha,2018-11-20T06:04:40,138867,91935
S3A_OL_2_WFR____20181122T065317_20181122T065617_20181123T135325_0179_038_177_2520_MAR_O_NT_002.SEN3,2018-11-22,alraha,2018-11-22T06:53:17,0,0
S3A_OL_2_WFR____20181123T062706_20181123T063006_20181124T132241_0179_038_191_2520_MAR_O_NT_002.SEN3,2018-11-23,alraha,2018-11-23T06:27:06,150666,128435
S3A_OL_2_WFR____20181124T060055_20181124T060355_20181125T144640_0179_038_205_2520_MAR_O_NT_002.SEN3,2018-11-24,alraha,2018-11-24T06:00:55,88113,58005
S3A_OL_2_WFR____20181126T064932_20181126T065232_20181127T161354_0179_038_234_2520_MAR_O_NT_002.SEN3,2018-11-26,alraha,2018-11-26T06:49:32,81390,28092
S3A_OL_2_WFR____20181127T062321_20181127T062621_20181128T153550_0179_038_248_2520_MAR_O_NT_002.SEN3,2018-11-27,alraha,2018-11-27T06:23:21,115503,41056
S3A_OL_2_WFR____20181128T055710_20181128T060010_20181129T150056_0179_038_262_2520_MAR_O_NT_002.SEN3,2018-11-28,alraha,2018-11-28T05:57:10,0,0
S3A_OL_2_WFR____20181130T064547_20181130T064847_20181201T153909_0179_038_291_2520_MAR_O_NT_002.SEN3,2018-11-30,alraha,2018-11-30T06:45:47,153565,133612
S3A_OL_2_WFR____20181201T061936_20181201T062236_20181213T153908_0180_038_305_2520_MAR_O_NT_002.SEN3,2018-12-01,alraha,2018-12-01T06:19:36,145828,127855
S3A_OL_2_WFR____20181204T064202_20181204T064502_20181205T143517_0179_038_348_2520_MAR_O_NT_002.SEN3,2018-12-04,alraha,2018-12-04T06:42:02,153364,132582
S3A_OL_2_WFR____20181205T061551_20181205T061851_20181206T151147_0180_038_362_2520_MAR_O_NT_002.SEN3,2018-12-05,alraha,2018-12-05T06:15:51,79549,46003
S3A_OL_2_WFR____20181208T063817_20181208T064117_20181209T143556_0179_039_020_2520_MAR_O_NT_002.SEN3,2018-12-08,alraha,2018-12-08T06:38:17,153081,143252
S3A_OL_2_WFR____20181209T061206_20181209T061506_20181210T151118_0179_039_034_2520_MAR_O_NT_002.SEN3,2018-12-09,alraha,2018-12-09T06:12:06,155822,124681
S3A_OL_2_WFR____20181212T063432_20181212T063732_20181213T154747_0179_039_077_2520_MAR_O_NT_002.SEN3,2018-12-12,alraha,2018-12-12T06:34:32,148854,119763
S3A_OL_2_WFR____20181213T060821_20181213T061121_20181214T150111_0179_039_091_2520_MAR_O_NT_002.SEN3,2018-12-13,alraha,2018-12-13T06:08:21,153698,132425
S3A_OL_2_WFR____20181216T063047_20181216T063347_20181217T133417_0179_039_134_2520_MAR_O_NT_002.SEN3,2018-12-16,alraha,2018-12-16T06:30:47,150277,116777
S3A_OL_2_WFR____20181217T060436_20181217T060736_20181218T161930_0179_039_148_2520_MAR_O_NT_002.SEN3,2018-12-17,alraha,2018-12-17T06:04:36,153787,130651
S3A_OL_2_WFR____20181219T065313_20181219T065613_20181220T151611_0179_039_177_2520_MAR_O_NT_002.SEN3,2018-12-19,alraha,2018-12-19T06:53:13,0,0
S3A_OL_2_WFR____20181220T062702_20181220T063002_20181221T144539_0179_039_191_2520_MAR_O_NT_002.SEN3,2018-12-20,alraha,2018-12-20T06:27:02,150992,124241
S3A_OL_2_WFR____20181221T060051_20181221T060351_20181222T151234_0179_039_205_2520_MAR_O_NT_002.SEN3,2018-12-21,alraha,2018-12-21T06:00:51,82092,43197
S3A_OL_2_WFR____20181223T064929_20181223T065229_20181224T133958_0180_039_234_2520_MAR_O_NT_002.SEN3,2018-12-23,alraha,2018-12-23T06:49:29,101946,49217
S3A_OL_2_WFR____20181224T062318_20181224T062618_20181225T131405_0179_039_248_2520_MAR_O_NT_002.SEN3,2018-12-24,alraha,2018-12-24T06:23:18,111114,60928
S3A_OL_2_WFR____20181225T055707_20181225T060007_20181226T153136_0179_039_262_2520_MAR_O_NT_002.SEN3,2018-12-25,alraha,2018-12-25T05:57:07,1868,581
S3A_OL_2_WFR____20181227T064545_20181227T064845_20181228T151000_0179_039_291_2520_MAR_O_NT_002.SEN3,2018-12-27,alraha,2018-12-27T06:45:45,143759,105976
S3A_OL_2_WFR____20181228T061934_20181228T062234_20181229T152657_0179_039_305_2520_MAR_O_NT_002.SEN3,2018-12-28,alraha,2018-12-28T06:19:34,40291,8139
S3A_OL_2_WFR____20181231T064201_20181231T064501_20190101T143936_0179_039_348_2520_MAR_O_NT_002.SEN3,2018-12-31,alraha,2018-12-31T06:42:01,114405,57081
S3A_OL_2_WFR____20180103T062659_20180103T062959_20180104T171220_0179_026_191_2520_MAR_O_NT_002.SEN3,2018-01-03,barka,2018-01-03T06:26:59,195091,173642
S3A_OL_2_WFR____20180104T060048_20180104T060348_20180105T140601_0179_026_205_2520_MAR_O_NT_002.SEN3,2018-01-04,barka,2018-01-04T06:00:48,101157,71692
S3A_OL_2_WFR____20180107T062315_20180107T062615_20180108T135305_0179_026_248_2520_MAR_O_NT_002.SEN3,2018-01-07,barka,2018-01-07T06:23:15,195384,167547
S3A_OL_2_WFR____20180108T055704_20180108T060004_20180109T195227_0179_026_262_2520_MAR_O_NT_002.SEN3,2018-01-08,barka,2018-01-08T05:57:04,190745,3455
S3A_OL_2_WFR____20180111T061930_20180111T062230_20180112T140349_0179_026_305_2520_MAR_O_NT_002.SEN3,2018-01-11,barka,2018-01-11T06:19:30,191242,168069
S3A_OL_2_WFR____20180115T061546_20180115T061846_20180116T121443_0179_026_362_2520_MAR_O_NT_002.SEN3,2018-01-15,barka,2018-01-15T06:15:46,196119,170879
S3A_OL_2_WFR____20180118T063812_20180118T064112_20180119T133539_0179_027_020_2520_MAR_O_NT_002.SEN3,2018-01-18,barka,2018-01-18T06:38:12,3009,2793
S3A_OL_2_WFR____20180119T061201_20180119T061501_20180120T131612_0179_027_034_2520_MAR_O_NT_002.SEN3,2018-01-19,barka,2018-01-19T06:12:01,142305,113394
S3A_OL_2_WFR____20180122T063428_20180122T063728_20180123T133543_0179_027_077_2520_MAR_O_NT_002.SEN3,2018-01-22,barka,2018-01-22T06:34:28,96834,5339
S3A_OL_2_WFR____20180123T060817_20180123T061117_20180124T115806_0179_027_091_2520_MAR_O_NT_002.SEN3,2018-01-23,barka,2018-01-23T06:08:17,196329,134706
S3A_OL_2_WFR____20180126T063043_20180126T063343_20180207T221205_0180_027_134_2520_MAR_O_NT_002.SEN3,2018-01-26,barka,2018-01-26T06:30:43,193030,48269
S3A_OL_2_WFR____20180127T060433_20180127T060733_20180128T140526_0179_027_148_2520_MAR_O_NT_002.SEN3,2018-01-27,barka,2018-01-27T06:04:33,196657,176205
S3A_OL_2_WFR____20180130T062659_20180130T062959_20180131T121604_0179_027_191_2520_MAR_O_NT_002.SEN3,2018-01-30,barka,2018-01-30T06:26:59,168496,95140
S3A_OL_2_WFR____20180131T060048_20180131T060348_20180201T171117_0179_027_205_2520_MAR_O_NT_002.SEN3,2018-01-31,barka,2018-01-31T06:00:48,158362,62913
S3A_OL_2_WFR____20180131T060048_20180131T060348_20180201T174224_0179_027_205_2520_MAR_O_NT_002.SEN3,2018-01-31,barka,2018-01-31T06:00:48,158362,62913
S3A_OL_2_WFR____20180203T062315_20180203T062615_20180204T125545_0179_027_248_2520_MAR_O_NT_002.SEN3,2018-02-03,barka,2018-02-03T06:23:15,96343,58908
S3A_OL_2_WFR____20180204T055704_20180204T060004_20180205T132228_0179_027_262_2520_MAR_O_NT_002.SEN3,2018-02-04,barka,2018-02-04T05:57:04,194183,168879
S3A_OL_2_WFR____20180207T061930_20180207T062230_20180208T134846_0179_027_305_2520_MAR_O_NT_002.SEN3,2018-02-07,barka,2018-02-07T06:19:30,195493,188654
S3A_OL_2_WFR____20180211T061546_20180211T061846_20180212T150220_0179_027_362_2520_MAR_O_NT_002.SEN3,2018-02-11,barka,2018-02-11T06:15:46,195114,122112
S3A_OL_2_WFR____20180214T063812_20180214T064112_20180215T130616_0179_028_020_2520_MAR_O_NT_002.SEN3,2018-02-14,barka,2018-02-14T06:38:12,448,2
S3A_OL_2_WFR____20180215T061201_20180215T061501_20180216T131917_0179_028_034_2520_MAR_O_NT_002.SEN3,2018-02-15,barka,2018-02-15T06:12:01,179077,92156
S3A_OL_2_WFR____20180218T063428_20180218T063728_20180219T134624_0179_028_077_2520_MAR_O_NT_002.SEN3,2018-02-18,barka,2018-02-18T06:34:28,98928,19918
S3A_OL_2_WFR____20180219T060817_20180219T061117_20180220T130544_0179_028_091_2520_MAR_O_NT_002.SEN3,2018-02-19,barka,2018-02-19T06:08:17,196153,84006
S3A_OL_2_WFR____20180222T063043_20180222T063343_20180223T134738_0179_028_134_2520_MAR_O_NT_002.SEN3,2018-02-22,barka,2018-02-22T06:30:43,15806,245
S3A_OL_2_WFR____20180223T060433_20180223T060733_20180224T125933_0179_028_148_2520_MAR_O_NT_002.SEN3,2018-02-23,barka,2018-02-23T06:04:33,157151,91215
S3A_OL_2_WFR____20180226T062659_20180226T062959_20180227T135615_0179_028_191_2520_MAR_O_NT_002.SEN3,2018-02-26,barka,2018-02-26T06:26:59,169687,77875
S3A_OL_2_WFR____20180227T060048_20180227T060348_20180228T120241_0179_028_205_2520_MAR_O_NT_002.SEN3,2018-02-27,barka,2018-02-27T06:00:48,1711,40
S3A_OL_2_WFR____20180302T062315_20180302T062615_20180303T131627_0179_028_248_2520_MAR_O_NT_002.SEN3,2018-03-02,barka,2018-03-02T06:23:15,75377,17706
S3A_OL_2_WFR____20180303T055704_20180303T060004_20180304T131123_0179_028_262_2520_MAR_O_NT_002.SEN3,2018-03-03,barka,2018-03-03T05:57:04,195864,110189
S3A_OL_2_WFR____20180306T061930_20180306T062230_20180307T171825_0179_028_305_2520_MAR_O_NT_002.SEN3,2018-03-06,barka,2018-03-06T06:19:30,182986,135712
S3A_OL_2_WFR____20180310T061546_20180310T061846_20180311T132150_0179_028_362_2520_MAR_O_NT_002.SEN3,2018-03-10,barka,2018-03-10T06:15:46,195373,149247
S3A_OL_2_WFR____20180313T063812_20180313T064112_20180314T124504_0180_029_020_2520_MAR_O_NT_002.SEN3,2018-03-13,barka,2018-03-13T06:38:12,2916,0
S3A_OL_2_WFR____20180314T061201_20180314T061501_20180315T170957_0179_029_034_2520_MAR_O_NT_002.SEN3,2018-03-14,barka,2018-03-14T06:12:01,195763,96953
S3A_OL_2_WFR____20180317T063428_20180317T063728_20180318T142613_0179_029_077_2520_MAR_O_NT_002.SEN3,2018-03-17,barka,2018-03-17T06:34:28,97062,1
S3A_OL_2_WFR____20180318T060817_20180318T061117_20180319T135212_0179_029_091_2520_MAR_O_NT_002.SEN3,2018-03-18,barka,2018-03-18T06:08:17,196138,61228
S3A_OL_2_WFR____20180321T063043_20180321T063343_20180322T153218_0180_029_134_2520_MAR_O_NT_002.SEN3,2018-03-21,barka,2018-03-21T06:30:43,193187,5
S3A_OL_2_WFR____20180322T060433_20180322T060733_20180323T115448_0179_029_148_2520_MAR_O_NT_002.SEN3,2018-03-22,barka,2018-03-22T06:04:33,196685,190594
S3A_OL_2_WFR____20180325T062659_20180325T062959_20180326T201954_0179_029_191_2520_MAR_O_NT_002.SEN3,2018-03-25,barka,2018-03-25T06:26:59,195059,1957
S3A_OL_2_WFR____20180326T060048_20180326T060348_20180327T140322_0179_029_205_2520_MAR_O_NT_002.SEN3,2018-03-26,barka,2018-03-26T06:00:48,196929,188036
S3A_OL_2_WFR____20180329T062315_20180329T062615_20180330T125211_0179_029_248_2520_MAR_O_NT_002.SEN3,2018-03-29,barka,2018-03-29T06:23:15,195173,81534
S3A_OL_2_WFR____20180330T055704_20180330T060004_20180331T140725_0179_029_262_2520_MAR_O_NT_002.SEN3,2018-03-30,barka,2018-03-30T05:57:04,197331,180561
S3A_OL_2_WFR____20180402T061930_20180402T062230_20180403T173119_0179_029_305_2520_MAR_O_NT_002.SEN3,2018-04-02,barka,2018-04-02T06:19:30,195442,2246
S3A_OL_2_WFR____20180406T061546_20180406T061846_20180407T143720_0180_029_362_2520_MAR_O_NT_002.SEN3,2018-04-06,barka,2018-04-06T06:15:46,195852,151938
S3A_OL_2_WFR____20180409T063812_20180409T064112_20180410T125737_0179_030_020_2520_MAR_O_NT_002.SEN3,2018-04-09,barka,2018-04-09T06:38:12,10,0
S3A_OL_2_WFR____20180410T061201_20180410T061501_20180411T111915_0179_030_034_2520_MAR_O_NT_002.SEN3,2018-04-10,barka,2018-04-10T06:12:01,170467,126146
S3A_OL_2_WFR____20180413T063428_20180413T063728_20180414T122745_0179_030_077_2520_MAR_O_NT_002.SEN3,2018-04-13,barka,2018-04-13T06:34:28,63024,0
S3A_OL_2_WFR____20180414T060817_20180414T061117_20180415T141044_0180_030_091_2520_MAR_O_NT_002.SEN3,2018-04-14,barka,2018-04-14T06:08:17,80730,37586
S3A_OL_2_WFR____20180417T063044_20180417T063344_20180418T135432_0179_030_134_2520_MAR_O_NT_002.SEN3,2018-04-17,barka,2018-04-17T06:30:44,125777,0
S3A_OL_2_WFR____20180418T060433_20180418T060733_20180419T135212_0179_030_148_2520_MAR_O_NT_002.SEN3,2018-04-18,barka,2018-04-18T06:04:33,145565,87575
S3A_OL_2_WFR____20180421T062659_20180421T062959_20180422T132115_0179_030_191_2520_MAR_O_NT_002.SEN3,2018-04-21,barka,2018-04-21T06:26:59,171081,0
S3A_OL_2_WFR____20180422T060048_20180422T060348_20180423T133928_0179_030_205_2520_MAR_O_NT_002.SEN3,2018-04-22,barka,2018-04-22T06:00:48,196796,182933
S3A_OL_2_WFR____20180425T062315_20180425T062615_20180426T143911_0180_030_248_2520_MAR_O_NT_002.SEN3,2018-04-25,barka,2018-04-25T06:23:15,195143,12960
S3A_OL_2_WFR____20180426T055704_20180426T060004_20180427T133615_0180_030_262_2520_MAR_O_NT_002.SEN3,2018-04-26,barka,2018-04-26T05:57:04,197332,38642
S3A_OL_2_WFR____20180429T061930_20180429T062230_20180430T140814_0179_030_305_2520_MAR_O_NT_002.SEN3,2018-04-29,barka,2018-04-29T06:19:30,195457,89415
S3A_OL_2_WFR____20180503T061546_20180503T061846_20180504T121227_0179_030_362_2520_MAR_O_NT_002.SEN3,2018-05-03,barka,2018-05-03T06:15:46,195827,154009
S3A_OL_2_WFR____20180506T063812_20180506T064112_20180507T134759_0179_031_020_2520_MAR_O_NT_002.SEN3,2018-05-06,barka,2018-05-06T06:38:12,3,0
S3A_OL_2_WFR____20180507T061201_20180507T061501_20180508T135458_0179_031_034_2520_MAR_O_NT_002.SEN3,2018-05-07,barka,2018-05-07T06:12:01,195922,192517
S3A_OL_2_WFR____20180510T063428_20180510T063728_20180511T123053_0179_031_077_2520_MAR_O_NT_002.SEN3,2018-05-10,barka,2018-05-10T06:34:28,65079,0
S3A_OL_2_WFR____20180511T060817_20180511T061117_20180512T130907_0179_031_091_2520_MAR_O_NT_002.SEN3,2018-05-11,barka,2018-05-11T06:08:17,194973,106274
S3A_OL_2_WFR____20180514T063044_20180514T063344_20180515T130851_0179_031_134_2520_MAR_O_NT_002.SEN3,2018-05-14,barka,2018-05-14T06:30:44,179901,0
S3A_OL_2_WFR____20180515T060433_20180515T060733_20180516T124100_0179_031_148_2520_MAR_O_NT_002.SEN3,2018-05-15,barka,2018-05-15T06:04:33,170633,156932
S3A_OL_2_WFR____20180518T062659_20180518T062959_20180519T121456_0179_031_191_2520_MAR_O_NT_002.SEN3,2018-05-18,barka,2018-05-18T06:26:59,195057,0
S3A_OL_2_WFR____20180519T060048_20180519T060348_20180520T130935_0179_031_205_2520_MAR_O_NT_002.SEN3,2018-05-19,barka,2018-05-19T06:00:48,196850,173311
S3A_OL_2_WFR____20180522T062315_20180522T062615_20180523T124602_0179_031_248_2520_MAR_O_NT_002.SEN3,2018-05-22,barka,2018-05-22T06:23:15,181418,21
S3A_OL_2_WFR____20180523T055704_20180523T060004_20180524T153046_0179_031_262_2520_MAR_O_NT_002.SEN3,2018-05-23,barka,2018-05-23T05:57:04,196994,188836
S3A_OL_2_WFR____20180526T061930_20180526T062230_20180527T141550_0179_031_305_2520_MAR_O_NT_002.SEN3,2018-05-26,barka,2018-05-26T06:19:30,195493,59346
S3A_OL_2_WFR____20180530T061546_20180530T061846_20180531T123137_0179_031_362_2520_MAR_O_NT_002.SEN3,2018-05-30,barka,2018-05-30T06:15:46,195791,170647
S3A_OL_2_WFR____20180602T063812_20180602T064112_20180603T121722_0180_032_020_2520_MAR_O_NT_002.SEN3,2018-06-02,barka,2018-06-02T06:38:12,1,0
S3A_OL_2_WFR____20180603T061201_20180603T061501_20180604T144120_0179_032_034_2520_MAR_O_NT_002.SEN3,2018-06-03,barka,2018-06-03T06:12:01,156769,81160
S3A_OL_2_WFR____20180606T063428_20180606T063728_20180607T163845_0179_032_077_2520_MAR_O_NT_002.SEN3,2018-06-06,barka,2018-06-06T06:34:28,99672,0
S3A_OL_2_WFR____20180607T060817_20180607T061117_20180608T132212_0179_032_091_2520_MAR_O_NT_002.SEN3,2018-06-07,barka,2018-06-07T06:08:17,195323,66561
S3A_OL_2_WFR____20180610T063044_20180610T063344_20180611T145152_0179_032_134_2520_MAR_O_NT_002.SEN3,2018-06-10,barka,2018-06-10T06:30:44,137129,0
S3A_OL_2_WFR____20180611T060433_20180611T060733_20180612T125643_0179_032_148_2520_MAR_O_NT_002.SEN3,2018-06-11,barka,2018-06-11T06:04:33,196456,180487
S3A_OL_2_WFR____20180614T062659_20180614T062959_20180615T142148_0179_032_191_2520_MAR_O_NT_002.SEN3,2018-06-14,barka,2018-06-14T06:26:59,189956,0
S3A_OL_2_WFR____20180615T060048_20180615T060348_20180616T114907_0180_032_205_2520_MAR_O_NT_002.SEN3,2018-06-15,barka,2018-06-15T06:00:48,196671,171926
S3A_OL_2_WFR____20180618T062315_20180618T062615_20180619T143119_0179_032_248_2520_MAR_O_NT_002.SEN3,2018-06-18,barka,2018-06-18T06:23:15,191406,10
S3A_OL_2_WFR____20180619T055704_20180619T060004_20180620T125250_0179_032_262_2520_MAR_O_NT_002.SEN3,2018-06-19,barka,2018-06-19T05:57:04,186974,93464
S3A_OL_2_WFR____20180626T061546_20180626T061846_20180627T140514_0180_032_362_2520_MAR_O_NT_002.SEN3,2018-06-26,barka,2018-06-26T06:15:46,195698,149608
S3A_OL_2_WFR____20180629T063812_20180629T064112_20180630T144144_0179_033_020_2520_MAR_O_NT_002.SEN3,2018-06-29,barka,2018-06-29T06:38:12,2901,0
S3A_OL_2_WFR____20180630T061201_20180630T061501_20180701T115442_0179_033_034_2520_MAR_O_NT_002.SEN3,2018-06-30,barka,2018-06-30T06:12:01,147350,26674
S3A_OL_2_WFR____20180703T063428_20180703T063728_20180704T144519_0179_033_077_2520_MAR_O_NT_002.SEN3,2018-07-03,barka,2018-07-03T06:34:28,20302,0
S3A_OL_2_WFR____20180704T060817_20180704T061117_20180705T131241_0179_033_091_2520_MAR_O_NT_002.SEN3,2018-07-04,barka,2018-07-04T06:08:17,64204,9208
S3A_OL_2_WFR____20180707T063044_20180707T063344_20180708T121304_0179_033_134_2520_MAR_O_NT_002.SEN3,2018-07-07,barka,2018-07-07T06:30:44,186212,0
S3A_OL_2_WFR____20180708T060433_20180708T060733_20180709T130344_0180_033_148_2520_MAR_O_NT_002.SEN3,2018-07-08,barka,2018-07-08T06:04:33,2969,1
S3A_OL_2_WFR____20180711T062659_20180711T062959_20180712T132406_0179_033_191_2520_MAR_O_NT_002.SEN3,2018-07-11,barka,2018-07-11T06:26:59,108931,0
S3A_OL_2_WFR____20180712T060048_20180712T060348_20180713T122038_0179_033_205_2520_MAR_O_NT_002.SEN3,2018-07-12,barka,2018-07-12T06:00:48,177865,51077
S3A_OL_2_WFR____20180715T062315_20180715T062615_20180716T154151_0179_033_248_2520_MAR_O_NT_002.SEN3,2018-07-15,barka,2018-07-15T06:23:15,194079,16618
S3A_OL_2_WFR____20180716T055704_20180716T060004_20180717T135222_0179_033_262_2520_MAR_O_NT_002.SEN3,2018-07-16,barka,2018-07-16T05:57:04,124338,52170
S3A_OL_2_WFR____20180719T061930_20180719T062230_20180720T124018_0179_033_305_2520_MAR_O_NT_002.SEN3,2018-07-19,barka,2018-07-19T06:19:30,96466,6846
S3A_OL_2_WFR____20180723T061546_20180723T061846_20180724T131643_0179_033_362_2520_MAR_O_NT_002.SEN3,2018-07-23,barka,2018-07-23T06:15:46,43936,9165
S3A_OL_2_WFR____20180726T063812_20180726T064112_20180727T130347_0179_034_020_2520_MAR_O_NT_002.SEN3,2018-07-26,barka,2018-07-26T06:38:12,1,0
S3A_OL_2_WFR____20180727T061201_20180727T061501_20180728T135220_0179_034_034_2520_MAR_O_NT_002.SEN3,2018-07-27,barka,2018-07-27T06:12:01,195672,165917
S3A_OL_2_WFR____20180730T063428_20180730T063728_20180731T132714_0179_034_077_2520_MAR_O_NT_002.SEN3,2018-07-30,barka,2018-07-30T06:34:28,65,0
S3A_OL_2_WFR____20180731T060817_20180731T061117_20180801T135537_0179_034_091_2520_MAR_O_NT_002.SEN3,2018-07-31,barka,2018-07-31T06:08:17,128429,725
S3A_OL_2_WFR____20180803T063044_20180803T063344_20180804T133025_0179_034_134_2520_MAR_O_NT_002.SEN3,2018-08-03,barka,2018-08-03T06:30:44,175335,0
S3A_OL_2_WFR____20180804T060433_20180804T060733_20180805T141121_0179_034_148_2520_MAR_O_NT_002.SEN3,2018-08-04,barka,2018-08-04T06:04:33,178830,71809
S3A_OL_2_WFR____20180807T062659_20180807T062959_20180808T131832_0179_034_191_2520_MAR_O_NT_002.SEN3,2018-08-07,barka,2018-08-07T06:26:59,176418,1
S3A_OL_2_WFR____20180808T060048_20180808T060348_20180809T144400_0179_034_205_2520_MAR_O_NT_002.SEN3,2018-08-08,barka,2018-08-08T06:00:48,5911,0
S3A_OL_2_WFR____20180811T062315_20180811T062615_20180812T142742_0179_034_248_2520_MAR_O_NT_002.SEN3,2018-08-11,barka,2018-08-11T06:23:15,188524,18919
S3A_OL_2_WFR____20180812T055704_20180812T060004_20180813T140512_0179_034_262_2520_MAR_O_NT_002.SEN3,2018-08-12,barka,2018-08-12T05:57:04,183271,31434
S3A_OL_2_WFR____20180815T061930_20180815T062230_20180816T134615_0179_034_305_2520_MAR_O_NT_002.SEN3,2018-08-15,barka,2018-08-15T06:19:30,121402,3828
S3A_OL_2_WFR____20180819T061546_20180819T061846_20180820T133804_0179_034_362_2520_MAR_O_NT_002.SEN3,2018-08-19,barka,2018-08-19T06:15:46,186756,9423
S3A_OL_2_WFR____20180822T063812_20180822T064112_20180823T141901_0179_035_020_2520_MAR_O_NT_002.SEN3,2018-08-22,barka,2018-08-22T06:38:12,2655,0
S3A_OL_2_WFR____20180823T061201_20180823T061501_20180824T124901_0179_035_034_2520_MAR_O_NT_002.SEN3,2018-08-23,barka,2018-08-23T06:12:01,109672,24160
S3A_OL_2_WFR____20180826T063428_20180826T063728_20180827T132944_0179_035_077_2520_MAR_O_NT_002.SEN3,2018-08-26,barka,2018-08-26T06:34:28,93220,0
S3A_OL_2_WFR____20180827T060817_20180827T061117_20180828T134912_0179_035_091_2520_MAR_O_NT_002.SEN3,2018-08-27,barka,2018-08-27T06:08:17,138519,48135
S3A_OL_2_WFR____20180830T063046_20180830T063346_20180831T121755_0179_035_134_2520_MAR_O_NT_002.SEN3,2018-08-30,barka,2018-08-30T06:30:46,95728,0
S3A_OL_2_WFR____20180831T060435_20180831T060735_20180901T111808_0179_035_148_2520_MAR_O_NT_002.SEN3,2018-08-31,barka,2018-08-31T06:04:35,154824,55950
S3A_OL_2_WFR____20180903T062702_20180903T063002_20180904T124812_0179_035_191_2520_MAR_O_NT_002.SEN3,2018-09-03,barka,2018-09-03T06:27:02,195065,249
S3A_OL_2_WFR____20180904T060052_20180904T060352_20180905T114600_0179_035_205_2520_MAR_O_NT_002.SEN3,2018-09-04,barka,2018-09-04T06:00:52,173860,24726
S3A_OL_2_WFR____20180907T062319_20180907T062619_20180908T121255_0180_035_248_2520_MAR_O_NT_002.SEN3,2018-09-07,barka,2018-09-07T06:23:19,195165,72428
S3A_OL_2_WFR____20180908T055708_20180908T060008_20180909T111852_0179_035_262_2520_MAR_O_NT_002.SEN3,2018-09-08,barka,2018-09-08T05:57:08,174962,43123
S3A_OL_2_WFR____20180911T061935_20180911T062235_20180912T122911_0179_035_305_2520_MAR_O_NT_002.SEN3,2018-09-11,barka,2018-09-11T06:19:35,189680,107260
S3A_OL_2_WFR____20180915T061551_20180915T061851_20180916T110902_0179_035_362_2520_MAR_O_NT_002.SEN3,2018-09-15,barka,2018-09-15T06:15:51,178248,113765
S3A_OL_2_WFR____20180918T063818_20180918T064118_20180919T123827_0179_036_020_2520_MAR_O_NT_002.SEN3,2018-09-18,barka,2018-09-18T06:38:18,3033,0
S3A_OL_2_WFR____20180919T061208_20180919T061508_20180921T155617_0179_036_034_2520_MAR_O_NT_002.SEN3,2018-09-19,barka,2018-09-19T06:12:08,194253,179036
S3A_OL_2_WFR____20180922T063435_20180922T063735_20180923T153548_0179_036_077_2520_MAR_O_NT_002.SEN3,2018-09-22,barka,2018-09-22T06:34:35,99501,0
S3A_OL_2_WFR____20180923T060824_20180923T061124_20180924T140718_0179_036_091_2520_MAR_O_NT_002.SEN3,2018-09-23,barka,2018-09-23T06:08:24,195884,178720
S3A_OL_2_WFR____20180926T063051_20180926T063351_20180927T150915_0179_036_134_2520_MAR_O_NT_002.SEN3,2018-09-26,barka,2018-09-26T06:30:51,192951,5
S3A_OL_2_WFR____20180927T060440_20180927T060740_20180928T151715_0179_036_148_2520_MAR_O_NT_002.SEN3,2018-09-27,barka,2018-09-27T06:04:40,192221,145087
S3A_OL_2_WFR____20180930T062707_20180930T063007_20181001T151149_0179_036_191_2520_MAR_O_NT_002.SEN3,2018-09-30,barka,2018-09-30T06:27:07,195072,9371
S3A_OL_2_WFR____20181001T060056_20181001T060356_20181002T160439_0179_036_205_2520_MAR_O_NT_002.SEN3,2018-10-01,barka,2018-10-01T06:00:56,196838,176983
S3A_OL_2_WFR____20181004T062323_20181004T062623_20181005T153853_0179_036_248_2520_MAR_O_NT_002.SEN3,2018-10-04,barka,2018-10-04T06:23:23,195177,130975
S3A_OL_2_WFR____20181005T055712_20181005T060012_20181006T145335_0179_036_262_2520_MAR_O_NT_002.SEN3,2018-10-05,barka,2018-10-05T05:57:12,197292,191110
S3A_OL_2_WFR____20181008T061939_20181008T062239_20181009T163213_0179_036_305_2520_MAR_O_NT_002.SEN3,2018-10-08,barka,2018-10-08T06:19:39,195478,127473
S3A_OL_2_WFR____20181012T061555_20181012T061855_20181013T145127_0179_036_362_2520_MAR_O_NT_002.SEN3,2018-10-12,barka,2018-10-12T06:15:55,195782,193690
S3A_OL_2_WFR____20181015T063821_20181015T064121_20181018T140952_0179_037_020_2520_MAR_O_NT_002.SEN3,2018-10-15,barka,2018-10-15T06:38:21,0,0
S3A_OL_2_WFR____20181016T061211_20181016T061511_20181017T140553_0179_037_034_2520_MAR_O_NT_002.SEN3,2018-10-16,barka,2018-10-16T06:12:11,157601,122855
S3A_OL_2_WFR____20181019T063437_20181019T063737_20181020T152831_0179_037_077_2520_MAR_O_NT_002.SEN3,2018-10-19,barka,2018-10-19T06:34:37,72058,20100
S3A_OL_2_WFR____20181020T060826_20181020T061126_20181021T150437_0179_037_091_2520_MAR_O_NT_002.SEN3,2018-10-20,barka,2018-10-20T06:08:26,194070,138209
S3A_OL_2_WFR____20181023T063053_20181023T063353_20181024T143231_0179_037_134_2520_MAR_O_NT_002.SEN3,2018-10-23,barka,2018-10-23T06:30:53,192901,38534
S3A_OL_2_WFR____20181024T060442_20181024T060742_20181025T150907_0179_037_148_2520_MAR_O_NT_002.SEN3,2018-10-24,barka,2018-10-24T06:04:42,192260,171557
S3A_OL_2_WFR____20181027T062708_20181027T063008_20181028T152338_0179_037_191_2520_MAR_O_NT_002.SEN3,2018-10-27,barka,2018-10-27T06:27:08,168767,140480
S3A_OL_2_WFR____20181028T060057_20181028T060357_20181029T142005_0179_037_205_2520_MAR_O_NT_002.SEN3,2018-10-28,barka,2018-10-28T06:00:57,186183,108020
S3A_OL_2_WFR____20181031T062324_20181031T062624_20181101T153334_0180_037_248_2520_MAR_O_NT_002.SEN3,2018-10-31,barka,2018-10-31T06:23:24,172247,93397
S3A_OL_2_WFR____20181101T055713_20181101T060013_20181102T153912_0179_037_262_2520_MAR_O_NT_002.SEN3,2018-11-01,barka,2018-11-01T05:57:13,170343,120581
S3A_OL_2_WFR____20181104T061939_20181104T062239_20181112T134823_0179_037_305_2520_MAR_O_NT_002.SEN3,2018-11-04,barka,2018-11-04T06:19:39,191668,158271
S3A_OL_2_WFR____20181108T061555_20181108T061855_20181109T154958_0179_037_362_2520_MAR_O_NT_002.SEN3,2018-11-08,barka,2018-11-08T06:15:55,195887,167470
S3A_OL_2_WFR____20181111T063821_20181111T064121_20181112T133902_0179_038_020_2520_MAR_O_NT_002.SEN3,2018-11-11,barka,2018-11-11T06:38:21,2874,2746
S3A_OL_2_WFR____20181112T061210_20181112T061510_20181113T162355_0179_038_034_2520_MAR_O_NT_002.SEN3,2018-11-12,barka,2018-11-12T06:12:10,191600,179013
S3A_OL_2_WFR____20181115T063436_20181115T063736_20181116T152852_0179_038_077_2520_MAR_O_NT_002.SEN3,2018-11-15,barka,2018-11-15T06:34:36,99079,59104
S3A_OL_2_WFR____20181116T060825_20181116T061125_20181117T141410_0179_038_091_2520_MAR_O_NT_002.SEN3,2018-11-16,barka,2018-11-16T06:08:25,185123,150167
S3A_OL_2_WFR____20181119T063051_20181119T063351_20181120T152601_0179_038_134_2520_MAR_O_NT_002.SEN3,2018-11-19,barka,2018-11-19T06:30:51,192892,189953
S3A_OL_2_WFR____20181120T060440_20181120T060740_20181121T160951_0179_038_148_2520_MAR_O_NT_002.SEN3,2018-11-20,barka,2018-11-20T06:04:40,196224,181791
S3A_OL_2_WFR____20181123T062706_20181123T063006_20181124T132241_0179_038_191_2520_MAR_O_NT_002.SEN3,2018-11-23,barka,2018-11-23T06:27:06,189032,165383
S3A_OL_2_WFR____20181124T060055_20181124T060355_20181125T144640_0179_038_205_2520_MAR_O_NT_002.SEN3,2018-11-24,barka,2018-11-24T06:00:55,189333,130204
S3A_OL_2_WFR____20181127T062321_20181127T062621_20181128T153550_0179_038_248_2520_MAR_O_NT_002.SEN3,2018-11-27,barka,2018-11-27T06:23:21,110720,61055
S3A_OL_2_WFR____20181128T055710_20181128T060010_20181129T150056_0179_038_262_2520_MAR_O_NT_002.SEN3,2018-11-28,barka,2018-11-28T05:57:10,109900,44403
S3A_OL_2_WFR____20181201T061936_20181201T062236_20181213T153908_0180_038_305_2520_MAR_O_NT_002.SEN3,2018-12-01,barka,2018-12-01T06:19:36,191211,183188
S3A_OL_2_WFR____20181205T061551_20181205T061851_20181206T151147_0180_038_362_2520_MAR_O_NT_002.SEN3,2018-12-05,barka,2018-12-05T06:15:51,185978,164414
S3A_OL_2_WFR____20181208T063817_20181208T064117_20181209T143556_0179_039_020_2520_MAR_O_NT_002.SEN3,2018-12-08,barka,2018-12-08T06:38:17,3069,2984
S3A_OL_2_WFR____20181209T061206_20181209T061506_20181210T151118_0179_039_034_2520_MAR_O_NT_002.SEN3,2018-12-09,barka,2018-12-09T06:12:06,196066,184508
S3A_OL_2_WFR____20181212T063432_20181212T063732_20181213T154747_0179_039_077_2520_MAR_O_NT_002.SEN3,2018-12-12,barka,2018-12-12T06:34:32,98844,92263
S3A_OL_2_WFR____20181213T060821_20181213T061121_20181214T150111_0179_039_091_2520_MAR_O_NT_002.SEN3,2018-12-13,barka,2018-12-13T06:08:21,196287,186404
S3A_OL_2_WFR____20181216T063047_20181216T063347_20181217T133417_0179_039_134_2520_MAR_O_NT_002.SEN3,2018-12-16,barka,2018-12-16T06:30:47,153982,99207
S3A_OL_2_WFR____20181217T060436_20181217T060736_20181218T161930_0179_039_148_2520_MAR_O_NT_002.SEN3,2018-12-17,barka,2018-12-17T06:04:36,195869,183489
S3A_OL_2_WFR____20181220T062702_20181220T063002_20181221T144539_0179_039_191_2520_MAR_O_NT_002.SEN3,2018-12-20,barka,2018-12-20T06:27:02,195274,193374
S3A_OL_2_WFR____20181221T060051_20181221T060351_20181222T151234_0179_039_205_2520_MAR_O_NT_002.SEN3,2018-12-21,barka,2018-12-21T06:00:51,194488,163281
S3A_OL_2_WFR____20181224T062318_20181224T062618_20181225T131405_0179_039_248_2520_MAR_O_NT_002.SEN3,2018-12-24,barka,2018-12-24T06:23:18,120620,81857
S3A_OL_2_WFR____20181225T055707_20181225T060007_20181226T153136_0179_039_262_2520_MAR_O_NT_002.SEN3,2018-12-25,barka,2018-12-25T05:57:07,165454,107063
S3A_OL_2_WFR____20181228T061934_20181228T062234_20181229T152657_0179_039_305_2520_MAR_O_NT_002.SEN3,2018-12-28,barka,2018-12-28T06:19:34,143560,44734
S3A_OL_2_WFR____20180103T062659_20180103T062959_20180104T171220_0179_026_191_2520_MAR_O_NT_002.SEN3,2018-01-03,kalba,2018-01-03T06:26:59,167571,142775
S3A_OL_2_WFR____20180104T060048_20180104T060348_20180105T140601_0179_026_205_2520_MAR_O_NT_002.SEN3,2018-01-04,kalba,2018-01-04T06:00:48,160545,130712
S3A_OL_2_WFR____20180107T062315_20180107T062615_20180108T135305_0179_026_248_2520_MAR_O_NT_002.SEN3,2018-01-07,kalba,2018-01-07T06:23:15,178635,141137
S3A_OL_2_WFR____20180108T055704_20180108T060004_20180109T195227_0179_026_262_2520_MAR_O_NT_002.SEN3,2018-01-08,kalba,2018-01-08T05:57:04,127731,499
S3A_OL_2_WFR____20180110T064541_20180110T064841_20180111T185118_0179_026_291_2520_MAR_O_NT_002.SEN3,2018-01-10,kalba,2018-01-10T06:45:41,2924,2208
S3A_OL_2_WFR____20180111T061930_20180111T062230_20180112T140349_0179_026_305_2520_MAR_O_NT_002.SEN3,2018-01-11,kalba,2018-01-11T06:19:30,178699,169279
S3A_OL_2_WFR____20180114T064157_20180114T064457_20180115T124507_0179_026_348_2520_MAR_O_NT_002.SEN3,2018-01-14,kalba,2018-01-14T06:41:57,44755,41408
S3A_OL_2_WFR____20180115T061546_20180115T061846_20180116T121443_0179_026_362_2520_MAR_O_NT_002.SEN3,2018-01-15,kalba,2018-01-15T06:15:46,178661,155316
S3A_OL_2_WFR____20180118T063812_20180118T064112_20180119T133539_0179_027_020_2520_MAR_O_NT_002.SEN3,2018-01-18,kalba,2018-01-18T06:38:12,173828,163890
S3A_OL_2_WFR____20180119T061201_20180119T061501_20180120T131612_0179_027_034_2520_MAR_O_NT_002.SEN3,2018-01-19,kalba,2018-01-19T06:12:01,160925,116145
S3A_OL_2_WFR____20180122T063428_20180122T063728_20180123T133543_0179_027_077_2520_MAR_O_NT_002.SEN3,2018-01-22,kalba,2018-01-22T06:34:28,177153,58321
S3A_OL_2_WFR____20180123T060817_20180123T061117_20180124T115806_0179_027_091_2520_MAR_O_NT_002.SEN3,2018-01-23,kalba,2018-01-23T06:08:17,179309,119118
S3A_OL_2_WFR____20180126T063043_20180126T063343_20180207T221205_0180_027_134_2520_MAR_O_NT_002.SEN3,2018-01-26,kalba,2018-01-26T06:30:43,177123,119215
S3A_OL_2_WFR____20180127T060433_20180127T060733_20180128T140526_0179_027_148_2520_MAR_O_NT_002.SEN3,2018-01-27,kalba,2018-01-27T06:04:33,104278,19110
S3A_OL_2_WFR____20180130T062659_20180130T062959_20180131T121604_0179_027_191_2520_MAR_O_NT_002.SEN3,2018-01-30,kalba,2018-01-30T06:26:59,158339,119423
S3A_OL_2_WFR____20180131T060048_20180131T060348_20180201T171117_0179_027_205_2520_MAR_O_NT_002.SEN3,2018-01-31,kalba,2018-01-31T06:00:48,53005,20363
S3A_OL_2_WFR____20180131T060048_20180131T060348_20180201T174224_0179_027_205_2520_MAR_O_NT_002.SEN3,2018-01-31,kalba,2018-01-31T06:00:48,53005,20363
S3A_OL_2_WFR____20180203T062315_20180203T062615_20180204T125545_0179_027_248_2520_MAR_O_NT_002.SEN3,2018-02-03,kalba,2018-02-03T06:23:15,170278,148708
S3A_OL_2_WFR____20180204T055704_20180204T060004_20180205T132228_0179_027_262_2520_MAR_O_NT_002.SEN3,2018-02-04,kalba,2018-02-04T05:57:04,179674,69371
S3A_OL_2_WFR____20180206T064541_20180206T064841_20180207T125508_0179_027_291_2520_MAR_O_NT_002.SEN3,2018-02-06,kalba,2018-02-06T06:45:41,2740,270
S3A_OL_2_WFR____20180207T061930_20180207T062230_20180208T134846_0179_027_305_2520_MAR_O_NT_002.SEN3,2018-02-07,kalba,2018-02-07T06:19:30,173617,141260
S3A_OL_2_WFR____20180210T064157_20180210T064457_20180211T130800_0180_027_348_2520_MAR_O_NT_002.SEN3,2018-02-10,kalba,2018-02-10T06:41:57,39211,27946
S3A_OL_2_WFR____20180211T061546_20180211T061846_20180212T150220_0179_027_362_2520_MAR_O_NT_002.SEN3,2018-02-11,kalba,2018-02-11T06:15:46,177225,98441
S3A_OL_2_WFR____20180214T063812_20180214T064112_20180215T130616_0179_028_020_2520_MAR_O_NT_002.SEN3,2018-02-14,kalba,2018-02-14T06:38:12,34021,8138
S3A_OL_2_WFR____20180215T061201_20180215T061501_20180216T131917_0179_028_034_2520_MAR_O_NT_002.SEN3,2018-02-15,kalba,2018-02-15T06:12:01,138449,3758
S3A_OL_2_WFR____20180218T063428_20180218T063728_20180219T134624_0179_028_077_2520_MAR_O_NT_002.SEN3,2018-02-18,kalba,2018-02-18T06:34:28,177692,143329
S3A_OL_2_WFR____20180219T060817_20180219T061117_20180220T130544_0179_028_091_2520_MAR_O_NT_002.SEN3,2018-02-19,kalba,2018-02-19T06:08:17,179261,95112
S3A_OL_2_WFR____20180222T063043_20180222T063343_20180223T134738_0179_028_134_2520_MAR_O_NT_002.SEN3,2018-02-22,kalba,2018-02-22T06:30:43,105989,29088
S3A_OL_2_WFR____20180223T060433_20180223T060733_20180224T125933_0179_028_148_2520_MAR_O_NT_002.SEN3,2018-02-23,kalba,2018-02-23T06:04:33,84935,22324
S3A_OL_2_WFR____20180226T062659_20180226T062959_20180227T135615_0179_028_191_2520_MAR_O_NT_002.SEN3,2018-02-26,kalba,2018-02-26T06:26:59,146719,89364
S3A_OL_2_WFR____20180227T060048_20180227T060348_20180228T120241_0179_028_205_2520_MAR_O_NT_002.SEN3,2018-02-27,kalba,2018-02-27T06:00:48,38828,6586
S3A_OL_2_WFR____20180302T062315_20180302T062615_20180303T131627_0179_028_248_2520_MAR_O_NT_002.SEN3,2018-03-02,kalba,2018-03-02T06:23:15,463,37
S3A_OL_2_WFR____20180303T055704_20180303T060004_20180304T131123_0179_028_262_2520_MAR_O_NT_002.SEN3,2018-03-03,kalba,2018-03-03T05:57:04,175355,64008
S3A_OL_2_WFR____20180305T064541_20180305T064841_20180306T131613_0179_028_291_2520_MAR_O_NT_002.SEN3,2018-03-05,kalba,2018-03-05T06:45:41,2715,55
S3A_OL_2_WFR____20180306T061930_20180306T062230_20180307T171825_0179_028_305_2520_MAR_O_NT_002.SEN3,2018-03-06,kalba,2018-03-06T06:19:30,178463,171866
S3A_OL_2_WFR____20180309T064157_20180309T064457_20180310T142117_0179_028_348_2520_MAR_O_NT_002.SEN3,2018-03-09,kalba,2018-03-09T06:41:57,41939,171
S3A_OL_2_WFR____20180310T061546_20180310T061846_20180311T132150_0179_028_362_2520_MAR_O_NT_002.SEN3,2018-03-10,kalba,2018-03-10T06:15:46,165490,89348
S3A_OL_2_WFR____20180313T063812_20180313T064112_20180314T124504_0180_029_020_2520_MAR_O_NT_002.SEN3,2018-03-13,kalba,2018-03-13T06:38:12,177996,210
S3A_OL_2_WFR____20180314T061201_20180314T061501_20180315T170957_0179_029_034_2520_MAR_O_NT_002.SEN3,2018-03-14,kalba,2018-03-14T06:12:01,178635,149937
S3A_OL_2_WFR____20180317T063428_20180317T063728_20180318T142613_0179_029_077_2520_MAR_O_NT_002.SEN3,2018-03-17,kalba,2018-03-17T06:34:28,40616,364
S3A_OL_2_WFR____20180318T060817_20180318T061117_20180319T135212_0179_029_091_2520_MAR_O_NT_002.SEN3,2018-03-18,kalba,2018-03-18T06:08:17,177702,117095
S3A_OL_2_WFR____20180321T063043_20180321T063343_20180322T153218_0180_029_134_2520_MAR_O_NT_002.SEN3,2018-03-21,kalba,2018-03-21T06:30:43,177277,71263
S3A_OL_2_WFR____20180322T060433_20180322T060733_20180323T115448_0179_029_148_2520_MAR_O_NT_002.SEN3,2018-03-22,kalba,2018-03-22T06:04:33,179648,161939
S3A_OL_2_WFR____20180325T062659_20180325T062959_20180326T201954_0179_029_191_2520_MAR_O_NT_002.SEN3,2018-03-25,kalba,2018-03-25T06:26:59,177942,152668
S3A_OL_2_WFR____20180326T060048_20180326T060348_20180327T140322_0179_029_205_2520_MAR_O_NT_002.SEN3,2018-03-26,kalba,2018-03-26T06:00:48,179911,147613
S3A_OL_2_WFR____20180329T062315_20180329T062615_20180330T125211_0179_029_248_2520_MAR_O_NT_002.SEN3,2018-03-29,kalba,2018-03-29T06:23:15,152355,127475
S3A_OL_2_WFR____20180330T055704_20180330T060004_20180331T140725_0179_029_262_2520_MAR_O_NT_002.SEN3,2018-03-30,kalba,2018-03-30T05:57:04,177897,147194
S3A_OL_2_WFR____20180401T064541_20180401T064841_20180402T131641_0180_029_291_2520_MAR_O_NT_002.SEN3,2018-04-01,kalba,2018-04-01T06:45:41,2813,0
S3A_OL_2_WFR____20180402T061930_20180402T062230_20180403T173119_0179_029_305_2520_MAR_O_NT_002.SEN3,2018-04-02,kalba,2018-04-02T06:19:30,159462,145309
S3A_OL_2_WFR____20180405T064157_20180405T064457_20180409T183207_0179_029_348_2520_MAR_O_NT_002.SEN3,2018-04-05,kalba,2018-04-05T06:41:57,32824,0
S3A_OL_2_WFR____20180406T061546_20180406T061846_20180407T143720_0180_029_362_2520_MAR_O_NT_002.SEN3,2018-04-06,kalba,2018-04-06T06:15:46,178452,78222
S3A_OL_2_WFR____20180409T063812_20180409T064112_20180410T125737_0179_030_020_2520_MAR_O_NT_002.SEN3,2018-04-09,kalba,2018-04-09T06:38:12,46572,0
S3A_OL_2_WFR____20180410T061201_20180410T061501_20180411T111915_0179_030_034_2520_MAR_O_NT_002.SEN3,2018-04-10,kalba,2018-04-10T06:12:01,176975,150180
S3A_OL_2_WFR____20180413T063428_20180413T063728_20180414T122745_0179_030_077_2520_MAR_O_NT_002.SEN3,2018-04-13,kalba,2018-04-13T06:34:28,158744,44
S3A_OL_2_WFR____20180414T060817_20180414T061117_20180415T141044_0180_030_091_2520_MAR_O_NT_002.SEN3,2018-04-14,kalba,2018-04-14T06:08:17,101717,45935
S3A_OL_2_WFR____20180417T063044_20180417T063344_20180418T135432_0179_030_134_2520_MAR_O_NT_002.SEN3,2018-04-17,kalba,2018-04-17T06:30:44,172022,178
S3A_OL_2_WFR____20180418T060433_20180418T060733_20180419T135212_0179_030_148_2520_MAR_O_NT_002.SEN3,2018-04-18,kalba,2018-04-18T06:04:33,169700,119653
S3A_OL_2_WFR____20180421T062659_20180421T062959_20180422T132115_0179_030_191_2520_MAR_O_NT_002.SEN3,2018-04-21,kalba,2018-04-21T06:26:59,177796,55454
S3A_OL_2_WFR____20180422T060048_20180422T060348_20180423T133928_0179_030_205_2520_MAR_O_NT_002.SEN3,2018-04-22,kalba,2018-04-22T06:00:48,172719,18137
S3A_OL_2_WFR____20180425T062315_20180425T062615_20180426T143911_0180_030_248_2520_MAR_O_NT_002.SEN3,2018-04-25,kalba,2018-04-25T06:23:15,178539,134214
S3A_OL_2_WFR____20180426T055704_20180426T060004_20180427T133615_0180_030_262_2520_MAR_O_NT_002.SEN3,2018-04-26,kalba,2018-04-26T05:57:04,171179,26911
S3A_OL_2_WFR____20180428T064541_20180428T064841_20180429T135024_0179_030_291_2520_MAR_O_NT_002.SEN3,2018-04-28,kalba,2018-04-28T06:45:41,128,0
S3A_OL_2_WFR____20180429T061930_20180429T062230_20180430T140814_0179_030_305_2520_MAR_O_NT_002.SEN3,2018-04-29,kalba,2018-04-29T06:19:30,178554,168953
S3A_OL_2_WFR____20180502T064157_20180502T064457_20180503T124051_0179_030_348_2520_MAR_O_NT_002.SEN3,2018-05-02,kalba,2018-05-02T06:41:57,10229,0
S3A_OL_2_WFR____20180503T061546_20180503T061846_20180504T121227_0179_030_362_2520_MAR_O_NT_002.SEN3,2018-05-03,kalba,2018-05-03T06:15:46,161665,143129
S3A_OL_2_WFR____20180506T063812_20180506T064112_20180507T134759_0179_031_020_2520_MAR_O_NT_002.SEN3,2018-05-06,kalba,2018-05-06T06:38:12,100499,0
S3A_OL_2_WFR____20180507T061201_20180507T061501_20180508T135458_0179_031_034_2520_MAR_O_NT_002.SEN3,2018-05-07,kalba,2018-05-07T06:12:01,178877,168645
S3A_OL_2_WFR____20180510T063428_20180510T063728_20180511T123053_0179_031_077_2520_MAR_O_NT_002.SEN3,2018-05-10,kalba,2018-05-10T06:34:28,165790,0
S3A_OL_2_WFR____20180511T060817_20180511T061117_20180512T130907_0179_031_091_2520_MAR_O_NT_002.SEN3,2018-05-11,kalba,2018-05-11T06:08:17,130988,102634
S3A_OL_2_WFR____20180514T063044_20180514T063344_20180515T130851_0179_031_134_2520_MAR_O_NT_002.SEN3,2018-05-14,kalba,2018-05-14T06:30:44,176464,1765
S3A_OL_2_WFR____20180515T060433_20180515T060733_20180516T124100_0179_031_148_2520_MAR_O_NT_002.SEN3,2018-05-15,kalba,2018-05-15T06:04:33,87402,73676
S3A_OL_2_WFR____20180518T062659_20180518T062959_20180519T121456_0179_031_191_2520_MAR_O_NT_002.SEN3,2018-05-18,kalba,2018-05-18T06:26:59,174834,17389
S3A_OL_2_WFR____20180519T060048_20180519T060348_20180520T130935_0179_031_205_2520_MAR_O_NT_002.SEN3,2018-05-19,kalba,2018-05-19T06:00:48,180081,169170
S3A_OL_2_WFR____20180522T062315_20180522T062615_20180523T124602_0179_031_248_2520_MAR_O_NT_002.SEN3,2018-05-22,kalba,2018-05-22T06:23:15,178333,92910
S3A_OL_2_WFR____20180523T055704_20180523T060004_20180524T153046_0179_031_262_2520_MAR_O_NT_002.SEN3,2018-05-23,kalba,2018-05-23T05:57:04,180383,162627
S3A_OL_2_WFR____20180525T064541_20180525T064841_20180526T142407_0179_031_291_2520_MAR_O_NT_002.SEN3,2018-05-25,kalba,2018-05-25T06:45:41,72,0
S3A_OL_2_WFR____20180526T061930_20180526T062230_20180527T141550_0179_031_305_2520_MAR_O_NT_002.SEN3,2018-05-26,kalba,2018-05-26T06:19:30,58308,47552
S3A_OL_2_WFR____20180529T064157_20180529T064457_20180530T145429_0179_031_348_2520_MAR_O_NT_002.SEN3,2018-05-29,kalba,2018-05-29T06:41:57,28629,0
S3A_OL_2_WFR____20180530T061546_20180530T061846_20180531T123137_0179_031_362_2520_MAR_O_NT_002.SEN3,2018-05-30,kalba,2018-05-30T06:15:46,178542,158874
S3A_OL_2_WFR____20180602T063812_20180602T064112_20180603T121722_0180_032_020_2520_MAR_O_NT_002.SEN3,2018-06-02,kalba,2018-06-02T06:38:12,157361,0
S3A_OL_2_WFR____20180603T061201_20180603T061501_20180604T144120_0179_032_034_2520_MAR_O_NT_002.SEN3,2018-06-03,kalba,2018-06-03T06:12:01,158034,72092
S3A_OL_2_WFR____20180606T063428_20180606T063728_20180607T163845_0179_032_077_2520_MAR_O_NT_002.SEN3,2018-06-06,kalba,2018-06-06T06:34:28,169711,0
S3A_OL_2_WFR____20180607T060817_20180607T061117_20180608T132212_0179_032_091_2520_MAR_O_NT_002.SEN3,2018-06-07,kalba,2018-06-07T06:08:17,174983,100494
S3A_OL_2_WFR____20180610T063044_20180610T063344_20180611T145152_0179_032_134_2520_MAR_O_NT_002.SEN3,2018-06-10,kalba,2018-06-10T06:30:44,129338,84
S3A_OL_2_WFR____20180611T060433_20180611T060733_20180612T125643_0179_032_148_2520_MAR_O_NT_002.SEN3,2018-06-11,kalba,2018-06-11T06:04:33,168361,120744
S3A_OL_2_WFR____20180614T062659_20180614T062959_20180615T142148_0179_032_191_2520_MAR_O_NT_002.SEN3,2018-06-14,kalba,2018-06-14T06:26:59,163308,19447
S3A_OL_2_WFR____20180615T060048_20180615T060348_20180616T114907_0180_032_205_2520_MAR_O_NT_002.SEN3,2018-06-15,kalba,2018-06-15T06:00:48,177718,147999
S3A_OL_2_WFR____20180618T062315_20180618T062615_20180619T143119_0179_032_248_2520_MAR_O_NT_002.SEN3,2018-06-18,kalba,2018-06-18T06:23:15,177684,99111
S3A_OL_2_WFR____20180619T055704_20180619T060004_20180620T125250_0179_032_262_2520_MAR_O_NT_002.SEN3,2018-06-19,kalba,2018-06-19T05:57:04,166990,103269
S3A_OL_2_WFR____20180621T064541_20180621T064841_20180622T143526_0179_032_291_2520_MAR_O_NT_002.SEN3,2018-06-21,kalba,2018-06-21T06:45:41,1631,0
S3A_OL_2_WFR____20180625T064157_20180625T064457_20180626T152439_0179_032_348_2520_MAR_O_NT_002.SEN3,2018-06-25,kalba,2018-06-25T06:41:57,35300,0
S3A_OL_2_WFR____20180626T061546_20180626T061846_20180627T140514_0180_032_362_2520_MAR_O_NT_002.SEN3,2018-06-26,kalba,2018-06-26T06:15:46,178375,169548
S3A_OL_2_WFR____20180629T063812_20180629T064112_20180630T144144_0179_033_020_2520_MAR_O_NT_002.SEN3,2018-06-29,kalba,2018-06-29T06:38:12,164002,0
S3A_OL_2_WFR____20180630T061201_20180630T061501_20180701T115442_0179_033_034_2520_MAR_O_NT_002.SEN3,2018-06-30,kalba,2018-06-30T06:12:01,93739,547
S3A_OL_2_WFR____20180703T063428_20180703T063728_20180704T144519_0179_033_077_2520_MAR_O_NT_002.SEN3,2018-07-03,kalba,2018-07-03T06:34:28,168560,17
S3A_OL_2_WFR____20180704T060817_20180704T061117_20180705T131241_0179_033_091_2520_MAR_O_NT_002.SEN3,2018-07-04,kalba,2018-07-04T06:08:17,137616,13065
S3A_OL_2_WFR____20180707T063044_20180707T063344_20180708T121304_0179_033_134_2520_MAR_O_NT_002.SEN3,2018-07-07,kalba,2018-07-07T06:30:44,161703,251
S3A_OL_2_WFR____20180708T060433_20180708T060733_20180709T130344_0180_033_148_2520_MAR_O_NT_002.SEN3,2018-07-08,kalba,2018-07-08T06:04:33,25099,11
S3A_OL_2_WFR____20180711T062659_20180711T062959_20180712T132406_0179_033_191_2520_MAR_O_NT_002.SEN3,2018-07-11,kalba,2018-07-11T06:26:59,165801,37069
S3A_OL_2_WFR____20180712T060048_20180712T060348_20180713T122038_0179_033_205_2520_MAR_O_NT_002.SEN3,2018-07-12,kalba,2018-07-12T06:00:48,129504,32941
S3A_OL_2_WFR____20180715T062315_20180715T062615_20180716T154151_0179_033_248_2520_MAR_O_NT_002.SEN3,2018-07-15,kalba,2018-07-15T06:23:15,148230,55661
S3A_OL_2_WFR____20180716T055704_20180716T060004_20180717T135222_0179_033_262_2520_MAR_O_NT_002.SEN3,2018-07-16,kalba,2018-07-16T05:57:04,52813,14871
S3A_OL_2_WFR____20180718T064541_20180718T064841_20180719T133800_0179_033_291_2520_MAR_O_NT_002.SEN3,2018-07-18,kalba,2018-07-18T06:45:41,115,0
S3A_OL_2_WFR____20180719T061930_20180719T062230_20180720T124018_0179_033_305_2520_MAR_O_NT_002.SEN3,2018-07-19,kalba,2018-07-19T06:19:30,94929,36891
S3A_OL_2_WFR____20180722T064157_20180722T064457_20180723T145512_0180_033_348_2520_MAR_O_NT_002.SEN3,2018-07-22,kalba,2018-07-22T06:41:57,9200,0
S3A_OL_2_WFR____20180723T061546_20180723T061846_20180724T131643_0179_033_362_2520_MAR_O_NT_002.SEN3,2018-07-23,kalba,2018-07-23T06:15:46,38337,28
S3A_OL_2_WFR____20180726T063812_20180726T064112_20180727T130347_0179_034_020_2520_MAR_O_NT_002.SEN3,2018-07-26,kalba,2018-07-26T06:38:12,61626,0
S3A_OL_2_WFR____20180727T061201_20180727T061501_20180728T135220_0179_034_034_2520_MAR_O_NT_002.SEN3,2018-07-27,kalba,2018-07-27T06:12:01,111768,20276
S3A_OL_2_WFR____20180730T063428_20180730T063728_20180731T132714_0179_034_077_2520_MAR_O_NT_002.SEN3,2018-07-30,kalba,2018-07-30T06:34:28,78,0
S3A_OL_2_WFR____20180731T060817_20180731T061117_20180801T135537_0179_034_091_2520_MAR_O_NT_002.SEN3,2018-07-31,kalba,2018-07-31T06:08:17,168089,1
S3A_OL_2_WFR____20180803T063044_20180803T063344_20180804T133025_0179_034_134_2520_MAR_O_NT_002.SEN3,2018-08-03,kalba,2018-08-03T06:30:44,167096,3491
S3A_OL_2_WFR____20180804T060433_20180804T060733_20180805T141121_0179_034_148_2520_MAR_O_NT_002.SEN3,2018-08-04,kalba,2018-08-04T06:04:33,148958,43822
S3A_OL_2_WFR____20180807T062659_20180807T062959_20180808T131832_0179_034_191_2520_MAR_O_NT_002.SEN3,2018-08-07,kalba,2018-08-07T06:26:59,121674,45162
S3A_OL_2_WFR____20180808T060048_20180808T060348_20180809T144400_0179_034_205_2520_MAR_O_NT_002.SEN3,2018-08-08,kalba,2018-08-08T06:00:48,986,2
S3A_OL_2_WFR____20180811T062315_20180811T062615_20180812T142742_0179_034_248_2520_MAR_O_NT_002.SEN3,2018-08-11,kalba,2018-08-11T06:23:15,166421,68119
S3A_OL_2_WFR____20180812T055704_20180812T060004_20180813T140512_0179_034_262_2520_MAR_O_NT_002.SEN3,2018-08-12,kalba,2018-08-12T05:57:04,66522,37809
S3A_OL_2_WFR____20180814T064541_20180814T064841_20180815T144403_0179_034_291_2520_MAR_O_NT_002.SEN3,2018-08-14,kalba,2018-08-14T06:45:41,1613,0
S3A_OL_2_WFR____20180815T061930_20180815T062230_20180816T134615_0179_034_305_2520_MAR_O_NT_002.SEN3,2018-08-15,kalba,2018-08-15T06:19:30,93850,1056
S3A_OL_2_WFR____20180818T064157_20180818T064457_20180819T123611_0179_034_348_2520_MAR_O_NT_002.SEN3,2018-08-18,kalba,2018-08-18T06:41:57,36478,0
S3A_OL_2_WFR____20180819T061546_20180819T061846_20180820T133804_0179_034_362_2520_MAR_O_NT_002.SEN3,2018-08-19,kalba,2018-08-19T06:15:46,169099,70757
S3A_OL_2_WFR____20180822T063812_20180822T064112_20180823T141901_0179_035_020_2520_MAR_O_NT_002.SEN3,2018-08-22,kalba,2018-08-22T06:38:12,156982,0
S3A_OL_2_WFR____20180823T061201_20180823T061501_20180824T124901_0179_035_034_2520_MAR_O_NT_002.SEN3,2018-08-23,kalba,2018-08-23T06:12:01,51558,3273
S3A_OL_2_WFR____20180826T063428_20180826T063728_20180827T132944_0179_035_077_2520_MAR_O_NT_002.SEN3,2018-08-26,kalba,2018-08-26T06:34:28,158934,317
S3A_OL_2_WFR____20180827T060817_20180827T061117_20180828T134912_0179_035_091_2520_MAR_O_NT_002.SEN3,2018-08-27,kalba,2018-08-27T06:08:17,175802,117751
S3A_OL_2_WFR____20180830T063046_20180830T063346_20180831T121755_0179_035_134_2520_MAR_O_NT_002.SEN3,2018-08-30,kalba,2018-08-30T06:30:46,108408,6299
S3A_OL_2_WFR____20180831T060435_20180831T060735_20180901T111808_0179_035_148_2520_MAR_O_NT_002.SEN3,2018-08-31,kalba,2018-08-31T06:04:35,68426,4055
S3A_OL_2_WFR____20180903T062702_20180903T063002_20180904T124812_0179_035_191_2520_MAR_O_NT_002.SEN3,2018-09-03,kalba,2018-09-03T06:27:02,176736,133156
S3A_OL_2_WFR____20180904T060052_20180904T060352_20180905T114600_0179_035_205_2520_MAR_O_NT_002.SEN3,2018-09-04,kalba,2018-09-04T06:00:52,144582,2892
S3A_OL_2_WFR____20180907T062319_20180907T062619_20180908T121255_0180_035_248_2520_MAR_O_NT_002.SEN3,2018-09-07,kalba,2018-09-07T06:23:19,178277,160593
S3A_OL_2_WFR____20180908T055708_20180908T060008_20180909T111852_0179_035_262_2520_MAR_O_NT_002.SEN3,2018-09-08,kalba,2018-09-08T05:57:08,152128,124966
S3A_OL_2_WFR____20180910T064546_20180910T064846_20180911T124407_0179_035_291_2520_MAR_O_NT_002.SEN3,2018-09-10,kalba,2018-09-10T06:45:46,2791,0
S3A_OL_2_WFR____20180911T061935_20180911T062235_20180912T122911_0179_035_305_2520_MAR_O_NT_002.SEN3,2018-09-11,kalba,2018-09-11T06:19:35,161944,88640
S3A_OL_2_WFR____20180914T064202_20180914T064502_20180915T123645_0179_035_348_2520_MAR_O_NT_002.SEN3,2018-09-14,kalba,2018-09-14T06:42:02,40925,0
S3A_OL_2_WFR____20180915T061551_20180915T061851_20180916T110902_0179_035_362_2520_MAR_O_NT_002.SEN3,2018-09-15,kalba,2018-09-15T06:15:51,75707,20213
S3A_OL_2_WFR____20180918T063818_20180918T064118_20180919T123827_0179_036_020_2520_MAR_O_NT_002.SEN3,2018-09-18,kalba,2018-09-18T06:38:18,165805,77
S3A_OL_2_WFR____20180919T061208_20180919T061508_20180921T155617_0179_036_034_2520_MAR_O_NT_002.SEN3,2018-09-19,kalba,2018-09-19T06:12:08,164571,112226
S3A_OL_2_WFR____20180922T063435_20180922T063735_20180923T153548_0179_036_077_2520_MAR_O_NT_002.SEN3,2018-09-22,kalba,2018-09-22T06:34:35,177785,438
S3A_OL_2_WFR____20180923T060824_20180923T061124_20180924T140718_0179_036_091_2520_MAR_O_NT_002.SEN3,2018-09-23,kalba,2018-09-23T06:08:24,177993,114075
S3A_OL_2_WFR____20180926T063051_20180926T063351_20180927T150915_0179_036_134_2520_MAR_O_NT_002.SEN3,2018-09-26,kalba,2018-09-26T06:30:51,175349,91714
S3A_OL_2_WFR____20180927T060440_20180927T060740_20180928T151715_0179_036_148_2520_MAR_O_NT_002.SEN3,2018-09-27,kalba,2018-09-27T06:04:40,174458,123956
S3A_OL_2_WFR____20180930T062707_20180930T063007_20181001T151149_0179_036_191_2520_MAR_O_NT_002.SEN3,2018-09-30,kalba,2018-09-30T06:27:07,177987,162242
S3A_OL_2_WFR____20181001T060056_20181001T060356_20181002T160439_0179_036_205_2520_MAR_O_NT_002.SEN3,2018-10-01,kalba,2018-10-01T06:00:56,179883,152974
S3A_OL_2_WFR____20181004T062323_20181004T062623_20181005T153853_0179_036_248_2520_MAR_O_NT_002.SEN3,2018-10-04,kalba,2018-10-04T06:23:23,178443,167551
S3A_OL_2_WFR____20181005T055712_20181005T060012_20181006T145335_0179_036_262_2520_MAR_O_NT_002.SEN3,2018-10-05,kalba,2018-10-05T05:57:12,178885,155525
S3A_OL_2_WFR____20181007T064550_20181007T064850_20181008T150401_0179_036_291_2520_MAR_O_NT_002.SEN3,2018-10-07,kalba,2018-10-07T06:45:50,2786,84
S3A_OL_2_WFR____20181008T061939_20181008T062239_20181009T163213_0179_036_305_2520_MAR_O_NT_002.SEN3,2018-10-08,kalba,2018-10-08T06:19:39,178032,170727
S3A_OL_2_WFR____20181011T064206_20181011T064506_20181012T151917_0179_036_348_2520_MAR_O_NT_002.SEN3,2018-10-11,kalba,2018-10-11T06:42:06,43775,178
S3A_OL_2_WFR____20181012T061555_20181012T061855_20181013T145127_0179_036_362_2520_MAR_O_NT_002.SEN3,2018-10-12,kalba,2018-10-12T06:15:55,178551,173069
S3A_OL_2_WFR____20181015T063821_20181015T064121_20181018T140952_0179_037_020_2520_MAR_O_NT_002.SEN3,2018-10-15,kalba,2018-10-15T06:38:21,64936,5584
S3A_OL_2_WFR____20181016T061211_20181016T061511_20181017T140553_0179_037_034_2520_MAR_O_NT_002.SEN3,2018-10-16,kalba,2018-10-16T06:12:11,177253,163421
S3A_OL_2_WFR____20181019T063437_20181019T063737_20181020T152831_0179_037_077_2520_MAR_O_NT_002.SEN3,2018-10-19,kalba,2018-10-19T06:34:37,86029,39814
S3A_OL_2_WFR____20181020T060826_20181020T061126_20181021T150437_0179_037_091_2520_MAR_O_NT_002.SEN3,2018-10-20,kalba,2018-10-20T06:08:26,125644,83413
S3A_OL_2_WFR____20181023T063053_20181023T063353_20181024T143231_0179_037_134_2520_MAR_O_NT_002.SEN3,2018-10-23,kalba,2018-10-23T06:30:53,177325,120069
S3A_OL_2_WFR____20181024T060442_20181024T060742_20181025T150907_0179_037_148_2520_MAR_O_NT_002.SEN3,2018-10-24,kalba,2018-10-24T06:04:42,179062,169501
S3A_OL_2_WFR____20181027T062708_20181027T063008_20181028T152338_0179_037_191_2520_MAR_O_NT_002.SEN3,2018-10-27,kalba,2018-10-27T06:27:08,154776,74810
S3A_OL_2_WFR____20181028T060057_20181028T060357_20181029T142005_0179_037_205_2520_MAR_O_NT_002.SEN3,2018-10-28,kalba,2018-10-28T06:00:57,113884,41016
S3A_OL_2_WFR____20181031T062324_20181031T062624_20181101T153334_0180_037_248_2520_MAR_O_NT_002.SEN3,2018-10-31,kalba,2018-10-31T06:23:24,100101,39484
S3A_OL_2_WFR____20181101T055713_20181101T060013_20181102T153912_0179_037_262_2520_MAR_O_NT_002.SEN3,2018-11-01,kalba,2018-11-01T05:57:13,128581,59839
S3A_OL_2_WFR____20181103T064550_20181103T064850_20181104T152128_0179_037_291_2520_MAR_O_NT_002.SEN3,2018-11-03,kalba,2018-11-03T06:45:50,2752,200
S3A_OL_2_WFR____20181104T061939_20181104T062239_20181112T134823_0179_037_305_2520_MAR_O_NT_002.SEN3,2018-11-04,kalba,2018-11-04T06:19:39,177579,167163
S3A_OL_2_WFR____20181107T064206_20181107T064506_20181108T142941_0179_037_348_2520_MAR_O_NT_002.SEN3,2018-11-07,kalba,2018-11-07T06:42:06,43798,30574
S3A_OL_2_WFR____20181108T061555_20181108T061855_20181109T154958_0179_037_362_2520_MAR_O_NT_002.SEN3,2018-11-08,kalba,2018-11-08T06:15:55,178706,145544
S3A_OL_2_WFR____20181111T063821_20181111T064121_20181112T133902_0179_038_020_2520_MAR_O_NT_002.SEN3,2018-11-11,kalba,2018-11-11T06:38:21,166544,153906
S3A_OL_2_WFR____20181112T061210_20181112T061510_20181113T162355_0179_038_034_2520_MAR_O_NT_002.SEN3,2018-11-12,kalba,2018-11-12T06:12:10,178958,170794
S3A_OL_2_WFR____20181115T063436_20181115T063736_20181116T152852_0179_038_077_2520_MAR_O_NT_002.SEN3,2018-11-15,kalba,2018-11-15T06:34:36,175633,155313
S3A_OL_2_WFR____20181116T060825_20181116T061125_20181117T141410_0179_038_091_2520_MAR_O_NT_002.SEN3,2018-11-16,kalba,2018-11-16T06:08:25,160671,115665
S3A_OL_2_WFR____20181119T063051_20181119T063351_20181120T152601_0179_038_134_2520_MAR_O_NT_002.SEN3,2018-11-19,kalba,2018-11-19T06:30:51,176062,169110
S3A_OL_2_WFR____20181120T060440_20181120T060740_20181121T160951_0179_038_148_2520_MAR_O_NT_002.SEN3,2018-11-20,kalba,2018-11-20T06:04:40,179751,168425
S3A_OL_2_WFR____20181123T062706_20181123T063006_20181124T132241_0179_038_191_2520_MAR_O_NT_002.SEN3,2018-11-23,kalba,2018-11-23T06:27:06,152982,101824
S3A_OL_2_WFR____20181124T060055_20181124T060355_20181125T144640_0179_038_205_2520_MAR_O_NT_002.SEN3,2018-11-24,kalba,2018-11-24T06:00:55,149673,64216
S3A_OL_2_WFR____20181127T062321_20181127T062621_20181128T153550_0179_038_248_2520_MAR_O_NT_002.SEN3,2018-11-27,kalba,2018-11-27T06:23:21,173042,158438
S3A_OL_2_WFR____20181128T055710_20181128T060010_20181129T150056_0179_038_262_2520_MAR_O_NT_002.SEN3,2018-11-28,kalba,2018-11-28T05:57:10,97244,51530
S3A_OL_2_WFR____20181130T064547_20181130T064847_20181201T153909_0179_038_291_2520_MAR_O_NT_002.SEN3,2018-11-30,kalba,2018-11-30T06:45:47,2780,1713
S3A_OL_2_WFR____20181201T061936_20181201T062236_20181213T153908_0180_038_305_2520_MAR_O_NT_002.SEN3,2018-12-01,kalba,2018-12-01T06:19:36,160569,123266
S3A_OL_2_WFR____20181204T064202_20181204T064502_20181205T143517_0179_038_348_2520_MAR_O_NT_002.SEN3,2018-12-04,kalba,2018-12-04T06:42:02,44452,41434
S3A_OL_2_WFR____20181205T061551_20181205T061851_20181206T151147_0180_038_362_2520_MAR_O_NT_002.SEN3,2018-12-05,kalba,2018-12-05T06:15:51,72685,33285
S3A_OL_2_WFR____20181208T063817_20181208T064117_20181209T143556_0179_039_020_2520_MAR_O_NT_002.SEN3,2018-12-08,kalba,2018-12-08T06:38:17,176721,168795
S3A_OL_2_WFR____20181209T061206_20181209T061506_20181210T151118_0179_039_034_2520_MAR_O_NT_002.SEN3,2018-12-09,kalba,2018-12-09T06:12:06,179003,139703
S3A_OL_2_WFR____20181212T063432_20181212T063732_20181213T154747_0179_039_077_2520_MAR_O_NT_002.SEN3,2018-12-12,kalba,2018-12-12T06:34:32,177569,172538
S3A_OL_2_WFR____20181213T060821_20181213T061121_20181214T150111_0179_039_091_2520_MAR_O_NT_002.SEN3,2018-12-13,kalba,2018-12-13T06:08:21,177262,140274
S3A_OL_2_WFR____20181216T063047_20181216T063347_20181217T133417_0179_039_134_2520_MAR_O_NT_002.SEN3,2018-12-16,kalba,2018-12-16T06:30:47,177465,173821
S3A_OL_2_WFR____20181217T060436_20181217T060736_20181218T161930_0179_039_148_2520_MAR_O_NT_002.SEN3,2018-12-17,kalba,2018-12-17T06:04:36,179282,160060
S3A_OL_2_WFR____20181220T062702_20181220T063002_20181221T144539_0179_039_191_2520_MAR_O_NT_002.SEN3,2018-12-20,kalba,2018-12-20T06:27:02,178100,172593
S3A_OL_2_WFR____20181221T060051_20181221T060351_20181222T151234_0179_039_205_2520_MAR_O_NT_002.SEN3,2018-12-21,kalba,2018-12-21T06:00:51,179036,145869
S3A_OL_2_WFR____20181224T062318_20181224T062618_20181225T131405_0179_039_248_2520_MAR_O_NT_002.SEN3,2018-12-24,kalba,2018-12-24T06:23:18,169269,154925
S3A_OL_2_WFR____20181225T055707_20181225T060007_20181226T153136_0179_039_262_2520_MAR_O_NT_002.SEN3,2018-12-25,kalba,2018-12-25T05:57:07,175393,158033
S3A_OL_2_WFR____20181227T064545_20181227T064845_20181228T151000_0179_039_291_2520_MAR_O_NT_002.SEN3,2018-12-27,kalba,2018-12-27T06:45:45,2702,1005
S3A_OL_2_WFR____20181228T061934_20181228T062234_20181229T152657_0179_039_305_2520_MAR_O_NT_002.SEN3,2018-12-28,kalba,2018-12-28T06:19:34,111173,39236
S3A_OL_2_WFR____20181231T064201_20181231T064501_20190101T143936_0179_039_348_2520_MAR_O_NT_002.SEN3,2018-12-31,kalba,2018-12-31T06:42:01,32391,9516
