intake,radius_km,year,days,observed_days,observed_frac,median_gap_days,p90_gap_days,max_gap_days
kalba,50,2003,365,78,0.214,2.0,10.400000000000013,86
kalba,50,2004,366,95,0.26,1.0,8.200000000000003,102
kalba,50,2005,365,97,0.266,1.0,6.0,97
kalba,50,2006,365,88,0.241,3.0,6.300000000000004,88
kalba,50,2007,365,85,0.233,2.0,8.0,81
kalba,50,2008,366,71,0.194,1.0,8.700000000000003,120
kalba,50,2009,365,66,0.181,2.0,13.5,117
kalba,50,2010,365,91,0.249,1.0,11.200000000000003,93
kalba,50,2011,365,60,0.164,1.5,11.0,102
kalba,50,2012,366,64,0.175,1.5,6.200000000000003,102
kalba,50,2013,365,83,0.227,1.0,8.0,103
kalba,50,2014,365,104,0.285,2.0,6.100000000000001,76
fujairah,50,2003,365,81,0.222,2.0,9.800000000000004,86
fujairah,50,2004,366,97,0.265,1.0,8.100000000000001,99
fujairah,50,2005,365,98,0.268,1.0,6.0,97
fujairah,50,2006,365,89,0.244,3.0,6.200000000000003,88
fujairah,50,2007,365,88,0.241,2.0,8.0,81
fujairah,50,2008,366,71,0.194,1.0,11.100000000000009,97
fujairah,50,2009,365,65,0.178,2.0,13.600000000000001,117
fujairah,50,2010,365,92,0.252,1.0,11.100000000000001,93
fujairah,50,2011,365,58,0.159,1.0,11.0,102
fujairah,50,2012,366,65,0.178,1.0,6.0,102
fujairah,50,2013,365,83,0.227,2.0,8.0,103
fujairah,50,2014,365,104,0.285,2.0,6.100000000000001,76
rak,50,2003,365,78,0.214,2.0,11.0,88
rak,50,2004,366,86,0.235,2.0,8.0,88
rak,50,2005,365,102,0.279,2.0,7.400000000000006,90
rak,50,2006,365,86,0.236,2.0,6.0,104
rak,50,2007,365,86,0.236,2.0,10.399999999999999,81
rak,50,2008,366,65,0.178,2.0,9.0,129
rak,50,2009,365,71,0.195,1.0,13.799999999999997,111
rak,50,2010,365,99,0.271,1.0,9.800000000000004,93
rak,50,2011,365,75,0.205,2.0,10.100000000000001,102
rak,50,2012,366,76,0.208,1.0,6.400000000000006,102
rak,50,2013,365,88,0.241,1.0,8.0,108
rak,50,2014,365,102,0.279,2.0,6.899999999999999,79
dibba,50,2003,365,76,0.208,2.0,11.70000000000001,88
dibba,50,2004,366,85,0.232,2.0,7.399999999999999,99
dibba,50,2005,365,95,0.26,1.0,6.899999999999999,95
dibba,50,2006,365,82,0.225,2.0,6.0,105
dibba,50,2007,365,80,0.219,2.0,9.899999999999999,81
dibba,50,2008,366,64,0.175,1.0,7.0,161
dibba,50,2009,365,62,0.17,2.0,15.0,124
dibba,50,2010,365,93,0.255,1.0,10.100000000000001,109
dibba,50,2011,365,68,0.186,1.0,8.900000000000013,102
dibba,50,2012,366,67,0.183,1.0,6.0,102
dibba,50,2013,365,81,0.222,1.0,8.0,112
dibba,50,2014,365,97,0.266,2.0,7.0,79
kalba,25,2003,365,70,0.192,2.0,16.200000000000003,88
kalba,25,2004,366,77,0.21,1.5,9.100000000000001,111
kalba,25,2005,365,83,0.227,1.0,10.0,97
kalba,25,2006,365,77,0.211,3.0,7.5,88
kalba,25,2007,365,68,0.186,2.0,15.300000000000004,81
kalba,25,2008,366,57,0.156,2.5,9.000000000000014,120
kalba,25,2009,365,58,0.159,2.0,15.0,120
kalba,25,2010,365,80,0.219,1.0,11.399999999999999,120
kalba,25,2011,365,50,0.137,1.0,11.200000000000003,134
kalba,25,2012,366,57,0.156,1.0,5.800000000000004,102
kalba,25,2013,365,71,0.195,2.0,9.5,112
kalba,25,2014,365,89,0.244,2.0,6.399999999999999,77
fujairah,25,2003,365,67,0.184,2.0,16.799999999999997,88
fujairah,25,2004,366,75,0.205,1.5,9.600000000000009,111
fujairah,25,2005,365,82,0.225,1.0,12.0,97
fujairah,25,2006,365,75,0.205,3.0,7.700000000000003,95
fujairah,25,2007,365,71,0.195,2.0,15.600000000000009,81
fujairah,25,2008,366,58,0.158,2.0,9.0,120
fujairah,25,2009,365,57,0.156,2.0,15.0,120
fujairah,25,2010,365,80,0.219,1.0,11.399999999999999,120
fujairah,25,2011,365,50,0.137,1.0,11.200000000000003,134
fujairah,25,2012,366,58,0.158,1.0,6.0,102
fujairah,25,2013,365,72,0.197,3.0,8.799999999999997,112
fujairah,25,2014,365,88,0.241,2.0,6.200000000000003,77
rak,25,2003,365,64,0.175,2.0,12.40000000000002,88
rak,25,2004,366,71,0.194,3.0,10.300000000000004,102
rak,25,2005,365,82,0.225,2.0,10.200000000000003,97
rak,25,2006,365,72,0.197,2.0,6.0,105
rak,25,2007,365,66,0.181,2.0,11.200000000000003,106
rak,25,2008,366,57,0.156,2.0,8.0,129
rak,25,2009,365,60,0.164,2.5,13.400000000000006,111
rak,25,2010,365,81,0.222,1.0,14.600000000000009,93
rak,25,2011,365,60,0.164,1.0,10.800000000000004,125
rak,25,2012,366,65,0.178,1.0,7.6000000000000085,102
rak,25,2013,365,71,0.195,2.0,11.5,108
rak,25,2014,365,87,0.238,2.0,6.0,79
dibba,25,2003,365,65,0.178,2.0,16.80000000000001,88
dibba,25,2004,366,69,0.189,3.0,11.200000000000003,102
dibba,25,2005,365,77,0.211,2.0,8.200000000000003,95
dibba,25,2006,365,71,0.195,3.0,8.0,105
dibba,25,2007,365,71,0.195,2.0,14.200000000000003,82
dibba,25,2008,366,52,0.142,3.5,8.0,161
dibba,25,2009,365,47,0.129,2.0,22.0,124
dibba,25,2010,365,81,0.222,1.0,11.0,109
dibba,25,2011,365,58,0.159,1.0,10.800000000000004,102
dibba,25,2012,366,58,0.158,1.0,7.799999999999997,102
dibba,25,2013,365,69,0.189,3.0,8.0,112
dibba,25,2014,365,86,0.236,2.0,8.600000000000009,79
kalba,100,2003,365,84,0.23,2.0,8.0,111
kalba,100,2004,366,106,0.29,1.0,6.899999999999999,81
kalba,100,2005,365,119,0.326,1.0,6.0,77
kalba,100,2006,365,101,0.277,1.5,6.0,88
kalba,100,2007,365,97,0.266,1.0,6.0,81
kalba,100,2008,366,90,0.246,1.0,6.0,97
kalba,100,2009,365,82,0.225,1.5,8.0,104
kalba,100,2010,365,102,0.279,1.0,10.600000000000001,93
kalba,100,2011,365,77,0.211,1.0,8.0,102
kalba,100,2012,366,75,0.205,1.0,8.0,95
kalba,100,2013,365,94,0.258,1.0,7.200000000000003,103
kalba,100,2014,365,122,0.334,1.0,6.0,77
fujairah,100,2003,365,87,0.238,2.0,8.0,86
fujairah,100,2004,366,104,0.284,1.0,8.100000000000001,81
fujairah,100,2005,365,118,0.323,1.0,6.0,77
fujairah,100,2006,365,100,0.274,1.0,6.0,88
fujairah,100,2007,365,96,0.263,1.0,7.100000000000001,81
fujairah,100,2008,366,89,0.243,1.0,6.0,97
fujairah,100,2009,365,81,0.222,1.0,11.200000000000003,104
fujairah,100,2010,365,103,0.282,1.0,10.5,93
fujairah,100,2011,365,77,0.211,1.0,8.0,102
fujairah,100,2012,366,77,0.21,1.0,8.0,95
fujairah,100,2013,365,96,0.263,1.0,8.0,103
fujairah,100,2014,365,120,0.329,2.0,6.0,77
rak,100,2003,365,87,0.238,2.0,11.0,63
rak,100,2004,366,95,0.26,1.0,8.0,79
rak,100,2005,365,122,0.334,1.0,6.0,44
rak,100,2006,365,107,0.293,1.0,6.0,79
rak,100,2007,365,104,0.285,1.0,11.600000000000009,63
rak,100,2008,366,82,0.224,1.0,9.600000000000009,95
rak,100,2009,365,77,0.211,1.0,13.600000000000009,95
rak,100,2010,365,108,0.296,1.0,10.0,93
rak,100,2011,365,89,0.244,1.0,9.600000000000009,70
rak,100,2012,366,84,0.23,1.0,6.6000000000000085,102
rak,100,2013,365,95,0.26,1.0,6.799999999999997,108
rak,100,2014,365,120,0.329,2.0,6.0,79
dibba,100,2003,365,89,0.244,2.0,8.0,86
dibba,100,2004,366,102,0.279,1.0,7.0,88
dibba,100,2005,365,116,0.318,1.0,6.0,95
dibba,100,2006,365,103,0.282,1.0,6.0,88
dibba,100,2007,365,99,0.271,1.0,10.399999999999999,81
dibba,100,2008,366,86,0.235,1.0,6.0,97
dibba,100,2009,365,79,0.216,1.0,12.0,104
dibba,100,2010,365,103,0.282,1.0,10.0,93
dibba,100,2011,365,84,0.23,1.0,8.0,102
dibba,100,2012,366,83,0.227,1.0,8.0,93
dibba,100,2013,365,102,0.279,1.0,6.0,105
dibba,100,2014,365,121,0.332,2.0,6.0,77
