first_exceed,first_alert,last_exceed,closed_on,intake,radius_km
2003-12-26,2003-12-30,2004-01-01,2004-01-13,dibba,50
2004-02-14,2004-02-16,2004-02-16,2004-02-25,dibba,50
2004-11-17,2004-11-19,2004-11-19,2004-11-23,dibba,50
2004-11-26,2004-11-26,2004-12-07,2004-12-18,dibba,50
2006-01-23,2006-01-25,2006-01-25,2006-02-03,dibba,50
2006-11-20,2006-11-21,2006-11-23,2006-11-25,dibba,50
2008-02-18,2008-02-25,2008-02-27,2008-03-02,dibba,50
2008-11-21,2008-11-21,2008-11-25,2008-12-05,dibba,50
2009-11-24,2009-11-26,2009-11-26,2009-12-03,dibba,50
2010-01-20,2010-01-20,2010-01-31,2010-02-16,dibba,50
2010-12-30,2010-12-30,2010-12-30,2011-01-02,dibba,50
2012-01-03,2012-01-15,2012-01-15,2012-01-17,dibba,50
2013-05-13,2013-05-16,2013-05-16,2013-05-20,dibba,50
2014-03-06,2014-03-09,2014-03-09,2014-03-18,dibba,50
2014-12-08,2014-12-08,2014-12-08,2014-12-12,dibba,50
2014-12-24,2014-12-24,2014-12-26,,dibba,50
