intake,radius_km,f_threshold,set,quiet_days,quiet_observed_days,alert_days,alert_day_rate_of_observed,alert_episodes_started,episodes_per_365_days,episodes_per_100_observed_days
kalba,50,0.326291,heldout_quiet,1461,319,6,0.0188,4,1.0,1.25
kalba,50,0.326291,calibration (in-sample),1826,443,8,0.0181,4,0.8,0.9
fujairah,50,0.322523,heldout_quiet,1461,319,7,0.0219,5,1.25,1.57
fujairah,50,0.322523,calibration (in-sample),1826,453,8,0.0177,4,0.8,0.88
rak,50,0.309038,heldout_quiet,1461,352,7,0.0199,6,1.5,1.7
rak,50,0.309038,calibration (in-sample),1826,438,6,0.0137,5,1.0,1.14
dibba,50,0.362046,heldout_quiet,1461,325,10,0.0308,6,1.5,1.85
dibba,50,0.362046,calibration (in-sample),1826,418,8,0.0191,6,1.2,1.44
kalba,25,0.292803,heldout_quiet,1461,276,13,0.0471,8,2.0,2.9
kalba,25,0.292803,calibration (in-sample),1826,375,7,0.0187,4,0.8,1.07
fujairah,25,0.30045,heldout_quiet,1461,276,11,0.0399,7,1.75,2.54
fujairah,25,0.30045,calibration (in-sample),1826,370,6,0.0162,4,0.8,1.08
rak,25,0.4,heldout_quiet,1461,293,3,0.0102,2,0.5,0.68
rak,25,0.4,calibration (in-sample),1826,355,4,0.0113,2,0.4,0.56
dibba,25,0.421429,heldout_quiet,1461,283,8,0.0283,5,1.25,1.77
dibba,25,0.421429,calibration (in-sample),1826,353,3,0.0085,3,0.6,0.85
kalba,100,0.352068,heldout_quiet,1461,376,7,0.0186,5,1.25,1.33
kalba,100,0.352068,calibration (in-sample),1826,507,8,0.0158,6,1.2,1.18
fujairah,100,0.326905,heldout_quiet,1461,377,8,0.0212,5,1.25,1.33
fujairah,100,0.326905,calibration (in-sample),1826,505,9,0.0178,6,1.2,1.19
rak,100,0.2505,heldout_quiet,1461,401,12,0.0299,7,1.75,1.75
rak,100,0.2505,calibration (in-sample),1826,515,8,0.0155,5,1.0,0.97
dibba,100,0.295298,heldout_quiet,1461,391,10,0.0256,9,2.25,2.3
dibba,100,0.295298,calibration (in-sample),1826,509,7,0.0138,4,0.8,0.79
